startTime,openPrice,highPrice,lowPrice,closePrice,volume,turnover,symbol
2024-05-25 00:00:00,68581.0,68708.0,68531.5,68564.0,4637348,67.57830595,BTCUSD
2024-05-25 01:00:00,68564.0,68735.5,68563.5,68639.5,5167647,75.24092656,BTCUSD
2024-05-25 02:00:00,68639.5,68843.0,68631.0,68831.5,12786058,185.91054693,BTCUSD
2024-05-25 03:00:00,68831.5,68920.0,68677.0,68791.5,17531678,254.94928617,BTCUSD
2024-05-25 04:00:00,68791.5,68882.5,68721.0,68819.0,12764973,185.56808372,BTCUSD
2024-05-25 05:00:00,68819.0,68838.0,68738.0,68747.5,3857891,56.08766965,BTCUSD
2024-05-25 06:00:00,68747.5,68769.0,68640.5,68680.0,3506321,51.03691763,BTCUSD
2024-05-25 07:00:00,68680.0,68829.5,68653.5,68768.0,5266007,76.6066913,BTCUSD
2024-05-25 08:00:00,68768.0,69084.0,68768.0,68898.5,10344798,150.08339742,BTCUSD
2024-05-25 09:00:00,68898.5,69175.5,68874.0,69127.0,8986380,130.12721202,BTCUSD
2024-05-25 10:00:00,69127.0,69525.5,69061.5,69415.5,19027686,274.44965494,BTCUSD
2024-05-25 11:00:00,69415.5,69669.5,69132.0,69133.0,28229426,406.39204264,BTCUSD
2024-05-25 12:00:00,69133.0,69331.0,69041.5,69151.0,14973847,216.48349355,BTCUSD
2024-05-25 13:00:00,69151.0,69276.5,68900.0,69068.5,15282645,221.24162868,BTCUSD
2024-05-25 14:00:00,69068.5,69140.0,69000.0,69067.0,10429659,150.9834017,BTCUSD
2024-05-25 15:00:00,69067.0,69251.0,68870.0,68975.5,12365465,178.97030708,BTCUSD
2024-05-25 16:00:00,68975.5,69082.0,68892.0,68973.0,6114608,88.63408243,BTCUSD
2024-05-25 17:00:00,68973.0,69136.5,68961.0,69104.5,2958246,42.83227437,BTCUSD
2024-05-25 18:00:00,69104.5,69280.0,69104.0,69240.0,6611939,95.5282005,BTCUSD
2024-05-25 19:00:00,69240.0,69314.5,69158.0,69206.0,3152265,45.53773122,BTCUSD
2024-05-25 20:00:00,69206.0,69257.0,69112.0,69128.5,2875109,41.56625968,BTCUSD
2024-05-25 21:00:00,69128.5,69210.0,69074.5,69180.0,2989384,43.23424068,BTCUSD
2024-05-25 22:00:00,69180.0,69192.0,69076.0,69160.5,3026181,43.77114726,BTCUSD
2024-05-25 23:00:00,69160.5,69399.0,69160.5,69325.0,7091814,102.28108593,BTCUSD
2024-05-26 00:00:00,69325.0,69351.0,69179.5,69188.0,4448117,64.24217053,BTCUSD
2024-05-26 01:00:00,69188.0,69296.5,69180.0,69187.5,4962993,71.70045568,BTCUSD
2024-05-26 02:00:00,69187.5,69204.0,68859.0,68950.5,17250355,250.02868577,BTCUSD
2024-05-26 03:00:00,68950.5,69167.0,68906.5,69118.0,7698340,111.50804865,BTCUSD
2024-05-26 04:00:00,69118.0,69118.0,68952.5,69000.5,2433615,35.2639934,BTCUSD
2024-05-26 05:00:00,69000.5,69170.5,68957.5,69170.5,2957029,42.80987768,BTCUSD
2024-05-26 06:00:00,69170.5,69214.5,69075.0,69138.0,3938249,56.95530144,BTCUSD
2024-05-26 07:00:00,69138.0,69468.5,69129.0,69364.5,9580032,138.15164954,BTCUSD
2024-05-26 08:00:00,69364.5,69599.0,69100.0,69192.0,16597576,239.24412,BTCUSD
2024-05-26 09:00:00,69192.0,69289.5,69001.5,69113.0,7024443,101.63613141,BTCUSD
2024-05-26 10:00:00,69113.0,69253.0,69113.0,69245.0,3269095,47.24865293,BTCUSD
2024-05-26 11:00:00,69245.0,69266.5,69069.0,69150.5,5113399,73.95095406,BTCUSD
2024-05-26 12:00:00,69150.5,69160.0,68972.0,69016.5,6187596,89.61538153,BTCUSD
2024-05-26 13:00:00,69016.5,69167.5,68974.0,69167.5,5060240,73.27777712,BTCUSD
2024-05-26 14:00:00,69167.5,69333.0,69068.0,69300.5,5451922,78.75194185,BTCUSD
2024-05-26 15:00:00,69300.5,69415.0,68666.5,68863.5,30494238,442.51455109,BTCUSD
2024-05-26 16:00:00,68863.5,68979.5,68711.0,68823.5,12240729,177.75706586,BTCUSD
2024-05-26 17:00:00,68823.5,68915.5,68760.0,68802.5,5361342,77.87584201,BTCUSD
2024-05-26 18:00:00,68802.5,68842.0,68725.5,68797.5,7300776,106.15551699,BTCUSD
2024-05-26 19:00:00,68797.5,68919.5,68797.5,68897.5,5497105,79.81683706,BTCUSD
2024-05-26 20:00:00,68897.5,68904.0,68707.0,68713.0,6195792,90.07596472,BTCUSD
2024-05-26 21:00:00,68713.0,68713.0,68102.0,68518.5,36380689,531.72793395,BTCUSD
2024-05-26 22:00:00,68518.5,68700.0,68472.5,68551.5,9327127,135.95752226,BTCUSD
2024-05-26 23:00:00,68551.5,68564.0,68344.0,68503.0,8208538,119.90521175,BTCUSD
2024-05-27 00:00:00,68503.0,68824.0,68468.5,68823.5,7948035,115.81907993,BTCUSD
2024-05-27 01:00:00,68823.5,69310.5,68741.5,69087.0,19534248,282.65607469,BTCUSD
2024-05-27 02:00:00,69087.0,69283.5,69030.0,69128.0,8405939,121.51980861,BTCUSD
2024-05-27 03:00:00,69128.0,69215.0,68850.0,68901.0,7519722,108.97838001,BTCUSD
2024-05-27 04:00:00,68901.0,68930.5,68763.0,68785.0,8065383,117.15588633,BTCUSD
2024-05-27 05:00:00,68785.0,68799.5,68321.5,68545.5,20273475,295.71612913,BTCUSD
2024-05-27 06:00:00,68545.5,68639.5,68393.5,68420.5,11363229,165.83056541,BTCUSD
2024-05-27 07:00:00,68420.5,68730.5,68354.5,68663.5,10240878,149.38169032,BTCUSD
2024-05-27 08:00:00,68663.5,68950.0,68534.5,68632.0,17831877,259.37399171,BTCUSD
2024-05-27 09:00:00,68632.0,68666.0,68445.0,68601.0,12734330,185.71560548,BTCUSD
2024-05-27 10:00:00,68601.0,68619.0,68442.5,68596.0,8344102,121.74218143,BTCUSD
2024-05-27 11:00:00,68596.0,68699.0,68250.0,68440.5,12897318,188.43943566,BTCUSD
2024-05-27 12:00:00,68440.5,68665.0,68397.0,68631.0,7248173,105.75735747,BTCUSD
2024-05-27 13:00:00,68631.0,69065.5,68606.0,68937.0,16112256,233.94584909,BTCUSD
2024-05-27 14:00:00,68937.0,69526.0,68850.0,69520.5,24142690,348.86718799,BTCUSD
2024-05-27 15:00:00,69520.5,70555.0,69520.5,70391.0,83101220,1185.81534914,BTCUSD
2024-05-27 16:00:00,70391.0,70749.5,70173.5,70185.5,49552192,702.9343249,BTCUSD
2024-05-27 17:00:00,70185.5,70385.5,70045.0,70205.5,18488554,263.42993026,BTCUSD
2024-05-27 18:00:00,70205.5,70284.0,69911.0,69997.5,23104286,329.79272006,BTCUSD
2024-05-27 19:00:00,69997.5,70125.0,69050.0,69270.5,39540739,568.64403814,BTCUSD
2024-05-27 20:00:00,69270.5,69713.5,69184.0,69635.0,17385072,250.01397113,BTCUSD
2024-05-27 21:00:00,69635.0,69903.0,69575.5,69799.0,14392297,206.42820076,BTCUSD
2024-05-27 22:00:00,69799.0,69808.0,69538.5,69581.0,11933536,171.32760486,BTCUSD
2024-05-27 23:00:00,69581.0,69581.0,69319.5,69438.0,11917942,171.70394179,BTCUSD
2024-05-28 00:00:00,69438.0,69476.0,69121.5,69393.0,15325215,221.20353881,BTCUSD
2024-05-28 01:00:00,69393.0,69592.0,68531.5,68626.0,47253090,685.31343834,BTCUSD
2024-05-28 02:00:00,68626.0,68867.5,68435.5,68695.5,26019993,379.13164587,BTCUSD
2024-05-28 03:00:00,68695.5,68736.0,67744.0,68056.0,62201648,912.97421401,BTCUSD
2024-05-28 04:00:00,68056.0,68134.5,67459.5,67793.0,37878641,559.20110713,BTCUSD
2024-05-28 05:00:00,67793.0,68067.5,67642.0,68051.5,17524300,258.24759985,BTCUSD
2024-05-28 06:00:00,68051.5,68077.0,67756.0,67956.5,13696803,201.70158254,BTCUSD
2024-05-28 07:00:00,67956.5,68009.0,67644.5,67676.5,16419068,242.19375456,BTCUSD
2024-05-28 08:00:00,67676.5,68243.0,67573.0,68143.5,15732853,231.50243275,BTCUSD
2024-05-28 09:00:00,68143.5,68491.0,68016.0,68325.5,18091650,264.86442451,BTCUSD
2024-05-28 10:00:00,68325.5,68886.0,68243.0,68573.5,26864177,391.51758284,BTCUSD
2024-05-28 11:00:00,68573.5,68647.5,68263.0,68370.0,12617750,184.33550698,BTCUSD
2024-05-28 12:00:00,68370.0,68545.5,68116.0,68181.5,33208003,486.02426441,BTCUSD
2024-05-28 13:00:00,68181.5,68465.0,67628.5,67767.5,37287471,548.30417749,BTCUSD
2024-05-28 14:00:00,67767.5,68239.0,67497.5,67963.0,30186762,444.61223062,BTCUSD
2024-05-28 15:00:00,67963.0,68458.0,67723.5,68359.0,15919689,233.66837966,BTCUSD
2024-05-28 16:00:00,68359.0,68435.0,67666.0,67691.0,25722391,378.15393086,BTCUSD
2024-05-28 17:00:00,67691.0,68142.5,67617.0,67745.0,19565750,288.38315858,BTCUSD
2024-05-28 18:00:00,67745.0,67966.5,67222.0,67860.0,36949841,547.27486305,BTCUSD
2024-05-28 19:00:00,67860.0,68600.0,67852.0,68422.5,22040510,322.83143848,BTCUSD
2024-05-28 20:00:00,68422.5,68543.0,68099.5,68304.5,18995171,278.09802291,BTCUSD
2024-05-28 21:00:00,68304.5,68524.0,68232.0,68376.0,8972489,131.25467396,BTCUSD
2024-05-28 22:00:00,68376.0,68661.0,68365.5,68604.5,10498928,153.13814761,BTCUSD
2024-05-28 23:00:00,68604.5,68610.0,68328.0,68385.5,6629648,96.87578056,BTCUSD
2024-05-29 00:00:00,68385.5,68585.5,68250.5,68483.0,9633805,140.78377827,BTCUSD
2024-05-29 01:00:00,68483.0,68709.5,68292.0,68564.0,12240917,178.68895166,BTCUSD
2024-05-29 02:00:00,68564.0,68928.5,68435.5,68684.5,18064527,262.80046849,BTCUSD
2024-05-29 03:00:00,68684.5,68888.0,68684.5,68823.0,11568907,168.15293839,BTCUSD
2024-05-29 04:00:00,68823.0,68925.0,68715.5,68815.5,17349120,252.15468209,BTCUSD
2024-05-29 05:00:00,68815.5,68815.5,68552.0,68574.0,13776762,200.63781903,BTCUSD
2024-05-29 06:00:00,68574.0,68647.0,68438.5,68484.0,6673854,97.3820766,BTCUSD
2024-05-29 07:00:00,68484.0,68503.5,67895.5,67904.5,50468919,740.52166537,BTCUSD
2024-05-29 08:00:00,67904.5,67966.5,67566.0,67860.5,26359263,389.00427275,BTCUSD
2024-05-29 09:00:00,67860.5,68019.5,67673.0,67890.5,15283565,225.26990431,BTCUSD
2024-05-29 10:00:00,67890.5,68000.0,67782.5,67964.5,5060854,74.52390972,BTCUSD
2024-05-29 11:00:00,67964.5,67976.5,67710.5,67740.0,6764737,99.75033974,BTCUSD
2024-05-29 12:00:00,67740.0,68027.0,67538.0,67888.5,34731303,511.91438185,BTCUSD
2024-05-29 13:00:00,67888.5,68297.0,67569.0,67872.0,43195108,635.9470336,BTCUSD
2024-05-29 14:00:00,67872.0,67975.0,67515.0,67638.5,15849565,233.97722443,BTCUSD
2024-05-29 15:00:00,67638.5,67850.0,67302.0,67385.0,33746981,499.69262595,BTCUSD
2024-05-29 16:00:00,67385.0,67704.0,67135.5,67549.0,27746415,411.84453343,BTCUSD
2024-05-29 17:00:00,67549.0,67668.5,67304.0,67590.0,12706967,188.27925855,BTCUSD
2024-05-29 18:00:00,67590.0,67603.5,67200.0,67359.5,17441908,258.86960019,BTCUSD
2024-05-29 19:00:00,67359.5,67720.5,67205.0,67251.0,14730138,218.17619365,BTCUSD
2024-05-29 20:00:00,67251.0,67489.5,67136.0,67475.0,19191427,285.23735883,BTCUSD
2024-05-29 21:00:00,67475.0,67798.0,67299.0,67679.5,11853240,175.44445988,BTCUSD
2024-05-29 22:00:00,67679.5,67814.5,67586.0,67655.5,5248239,77.55207209,BTCUSD
2024-05-29 23:00:00,67655.5,67700.5,67535.0,67604.0,6779312,100.25861378,BTCUSD
2024-05-30 00:00:00,67604.0,67812.0,67520.0,67559.0,6501658,96.04532206,BTCUSD
2024-05-30 01:00:00,67559.0,67838.5,67431.5,67773.0,10117323,149.6336956,BTCUSD
2024-05-30 02:00:00,67773.0,68202.5,67753.0,67927.5,17946999,263.85496759,BTCUSD
2024-05-30 03:00:00,67927.5,68166.0,67888.0,68108.5,9731146,143.05911549,BTCUSD
2024-05-30 04:00:00,68108.5,68405.5,67976.5,68148.0,15010618,220.06134826,BTCUSD
2024-05-30 05:00:00,68148.0,68173.5,67945.0,68130.0,5662709,83.18424089,BTCUSD
2024-05-30 06:00:00,68130.0,68174.0,67725.5,67829.0,21522302,316.96620359,BTCUSD
2024-05-30 07:00:00,67829.0,68037.0,67523.5,67581.0,17038736,251.34191869,BTCUSD
2024-05-30 08:00:00,67581.0,67773.0,67116.5,67700.5,40747580,604.53830703,BTCUSD
2024-05-30 09:00:00,67700.5,67769.0,67414.5,67741.5,22714572,336.2261646,BTCUSD
2024-05-30 10:00:00,67741.5,67999.0,67534.0,67932.5,13479805,198.78858155,BTCUSD
2024-05-30 11:00:00,67932.5,68104.5,67787.0,67787.5,12103334,178.1690457,BTCUSD
2024-05-30 12:00:00,67787.5,68316.0,67730.0,68126.5,21681452,318.43012816,BTCUSD
2024-05-30 13:00:00,68126.5,68679.5,68032.5,68628.0,28007969,409.55270081,BTCUSD
2024-05-30 14:00:00,68628.0,68859.5,68263.5,68395.0,33024633,481.07577286,BTCUSD
2024-05-30 15:00:00,68395.0,68647.0,68142.0,68546.0,17269098,252.40536187,BTCUSD
2024-05-30 16:00:00,68546.0,68752.5,68416.5,68711.5,7996335,116.65039612,BTCUSD
2024-05-30 17:00:00,68711.5,69574.5,68706.0,69366.5,73600511,1062.44904691,BTCUSD
2024-05-30 18:00:00,69366.5,69487.0,69133.5,69429.0,25062674,361.58639765,BTCUSD
2024-05-30 19:00:00,69429.0,69437.5,68465.0,68696.0,45152698,656.23366069,BTCUSD
2024-05-30 20:00:00,68696.0,68706.5,68074.5,68501.0,22663015,331.60798305,BTCUSD
2024-05-30 21:00:00,68501.0,68577.5,68352.5,68439.0,7006233,102.33358019,BTCUSD
2024-05-30 22:00:00,68439.0,68464.0,68247.0,68331.5,7680406,112.36927439,BTCUSD
2024-05-30 23:00:00,68331.5,68538.5,68260.0,68375.0,4976688,72.76845238,BTCUSD
2024-05-31 00:00:00,68375.0,68485.0,68300.0,68479.0,5208458,76.17324858,BTCUSD
2024-05-31 01:00:00,68479.0,68645.5,68316.5,68448.0,9202651,134.32283732,BTCUSD
2024-05-31 02:00:00,68448.0,68768.5,68448.0,68553.0,5374474,78.3448103,BTCUSD
2024-05-31 03:00:00,68553.0,68619.5,68481.5,68520.0,9594853,140.00117215,BTCUSD
2024-05-31 04:00:00,68520.0,68644.5,68462.5,68513.0,7316698,106.74761392,BTCUSD
2024-05-31 05:00:00,68513.0,68513.0,68275.0,68441.0,9670633,141.42479524,BTCUSD
2024-05-31 06:00:00,68441.0,68451.0,68202.5,68273.0,6712333,98.2651978,BTCUSD
2024-05-31 07:00:00,68273.0,68426.5,68079.5,68169.5,13926311,204.03122284,BTCUSD
2024-05-31 08:00:00,68169.5,68314.0,68099.5,68135.5,9398113,137.78356834,BTCUSD
2024-05-31 09:00:00,68135.5,68185.0,67866.0,67939.5,20438191,300.78283701,BTCUSD
2024-05-31 10:00:00,67939.5,68323.0,67924.0,68312.5,15185691,222.74941239,BTCUSD
2024-05-31 11:00:00,68312.5,68448.0,68264.5,68333.5,15087050,220.7072993,BTCUSD
2024-05-31 12:00:00,68333.5,69061.0,68301.5,68631.0,73927070,1075.18890921,BTCUSD
2024-05-31 13:00:00,68631.0,68816.0,68000.0,68053.0,47644158,696.58482997,BTCUSD
2024-05-31 14:00:00,68053.0,68063.5,67223.5,67472.0,88951272,1315.97269301,BTCUSD
2024-05-31 15:00:00,67472.0,67532.0,67159.5,67184.5,25908518,384.83789576,BTCUSD
2024-05-31 16:00:00,67184.5,67324.5,66625.5,67184.0,64019167,956.229012,BTCUSD
2024-05-31 17:00:00,67184.0,67451.5,67153.5,67323.0,17017664,252.74623743,BTCUSD
2024-05-31 18:00:00,67323.0,67425.0,67139.0,67370.0,11331497,168.41181627,BTCUSD
2024-05-31 19:00:00,67370.0,67962.0,67325.0,67619.0,27079679,400.2294492,BTCUSD
2024-05-31 20:00:00,67619.0,67750.0,67551.5,67667.0,9797400,144.84969053,BTCUSD
2024-05-31 21:00:00,67667.0,67677.0,67461.5,67526.5,6455760,95.52902612,BTCUSD
2024-05-31 22:00:00,67526.5,67631.0,67478.5,67478.5,10144126,150.11950617,BTCUSD
2024-05-31 23:00:00,67478.5,67564.0,67179.0,67500.0,40837226,606.02993779,BTCUSD
2024-06-01 00:00:00,67500.0,67667.5,67468.0,67621.0,8888403,131.50013133,BTCUSD
2024-06-01 01:00:00,67621.0,67680.0,67409.5,67525.5,6206687,91.93165995,BTCUSD
2024-06-01 02:00:00,67525.5,67703.0,67517.5,67690.0,6501842,96.14231946,BTCUSD
2024-06-01 03:00:00,67690.0,67755.5,67605.5,67699.0,5991983,88.52387075,BTCUSD
2024-06-01 04:00:00,67699.0,67748.0,67632.5,67666.5,3997023,59.04035348,BTCUSD
2024-06-01 05:00:00,67666.5,67779.0,67575.0,67672.5,3900583,57.65111805,BTCUSD
2024-06-01 06:00:00,67672.5,67707.5,67580.0,67673.5,2698009,39.88686171,BTCUSD
2024-06-01 07:00:00,67673.5,67709.0,67543.0,67603.5,10369249,153.3212976,BTCUSD
2024-06-01 08:00:00,67603.5,67734.0,67593.0,67689.0,5612959,82.97411082,BTCUSD
2024-06-01 09:00:00,67689.0,67733.0,67623.0,67692.5,2091543,30.90086658,BTCUSD
2024-06-01 10:00:00,67692.5,67732.0,67621.5,67622.0,3823492,56.49509793,BTCUSD
2024-06-01 11:00:00,67622.0,67685.0,67622.0,67660.0,1789072,26.44099149,BTCUSD
2024-06-01 12:00:00,67660.0,67907.5,67636.0,67723.5,16144128,237.94877916,BTCUSD
2024-06-01 13:00:00,67723.5,67847.5,67712.0,67712.5,8024950,118.37705681,BTCUSD
2024-06-01 14:00:00,67712.5,67857.0,67661.0,67795.5,6478168,95.56834132,BTCUSD
2024-06-01 15:00:00,67795.5,67804.5,67655.0,67675.5,5110717,75.42777737,BTCUSD
2024-06-01 16:00:00,67675.5,67719.5,67591.0,67695.5,5989838,88.51770113,BTCUSD
2024-06-01 17:00:00,67695.5,67822.0,67555.0,67771.0,10286189,152.08188481,BTCUSD
2024-06-01 18:00:00,67771.0,67817.0,67724.0,67737.5,2078354,30.67025995,BTCUSD
2024-06-01 19:00:00,67737.5,67784.0,67679.0,67748.5,2593590,38.29378402,BTCUSD
2024-06-01 20:00:00,67748.5,67806.0,67710.0,67804.5,4420244,65.22132131,BTCUSD
2024-06-01 21:00:00,67804.5,67818.0,67724.0,67766.0,7582836,111.91400852,BTCUSD
2024-06-01 22:00:00,67766.0,67877.0,67700.5,67764.5,3062351,45.16839365,BTCUSD
2024-06-01 23:00:00,67764.5,67817.5,67725.5,67753.5,1537586,22.68893007,BTCUSD
2024-06-02 00:00:00,67753.5,67901.0,67736.0,67880.0,2312333,34.09764446,BTCUSD
2024-06-02 01:00:00,67880.0,67888.0,67690.5,67736.0,13886305,204.9534305,BTCUSD
2024-06-02 02:00:00,67736.0,67788.5,67602.0,67706.0,8093246,119.59225007,BTCUSD
2024-06-02 03:00:00,67706.0,67797.0,67700.0,67768.0,4760371,70.24852492,BTCUSD
2024-06-02 04:00:00,67768.0,67821.0,67724.0,67819.0,3177383,46.87998952,BTCUSD
2024-06-02 05:00:00,67819.0,67844.5,67697.0,67697.0,3347779,49.40855945,BTCUSD
2024-06-02 06:00:00,67697.0,67815.0,67684.0,67808.0,2871172,42.36745831,BTCUSD
2024-06-02 07:00:00,67808.0,67808.5,67692.5,67692.5,5353895,79.02621612,BTCUSD
2024-06-02 08:00:00,67692.5,67793.0,67650.5,67744.0,5788810,85.47786366,BTCUSD
2024-06-02 09:00:00,67744.0,67766.5,67380.0,67527.5,24751747,366.33889762,BTCUSD
2024-06-02 10:00:00,67527.5,67581.5,67345.5,67521.5,10949591,162.33866234,BTCUSD
2024-06-02 11:00:00,67521.5,68402.0,67492.5,68254.5,36977740,542.87034618,BTCUSD
2024-06-02 12:00:00,68254.5,68323.5,67828.0,67930.0,31270101,459.35966144,BTCUSD
2024-06-02 13:00:00,67930.0,68217.0,67782.5,68167.0,15144086,222.68254827,BTCUSD
2024-06-02 14:00:00,68167.0,68477.0,68080.0,68247.5,25446903,372.74840306,BTCUSD
2024-06-02 15:00:00,68247.5,68297.5,68010.0,68151.5,8184247,120.12052349,BTCUSD
2024-06-02 16:00:00,68151.5,68206.0,67980.0,68106.0,4201979,61.70644013,BTCUSD
2024-06-02 17:00:00,68106.0,68112.0,67833.5,67885.0,10236544,150.68947451,BTCUSD
2024-06-02 18:00:00,67885.0,67885.5,67475.0,67695.0,28143292,415.95972431,BTCUSD
2024-06-02 19:00:00,67695.0,67805.5,67269.0,67743.5,24987693,369.97443852,BTCUSD
2024-06-02 20:00:00,67743.5,67843.5,67581.0,67843.0,6836361,100.95523635,BTCUSD
2024-06-02 21:00:00,67843.0,67922.5,67767.5,67818.0,7405384,109.13379455,BTCUSD
2024-06-02 22:00:00,67818.0,68000.0,67808.5,67949.5,9478891,139.53409225,BTCUSD
2024-06-02 23:00:00,67949.5,67995.0,67758.5,67758.5,6482164,95.5545414,BTCUSD
2024-06-03 00:00:00,67758.5,67867.5,67603.5,67800.0,11505794,169.89063756,BTCUSD
2024-06-03 01:00:00,67800.0,68577.5,67800.0,68495.0,33020355,483.77549512,BTCUSD
2024-06-03 02:00:00,68495.0,68823.5,68424.0,68428.0,23668632,344.84732702,BTCUSD
2024-06-03 03:00:00,68428.0,68554.5,68220.0,68419.5,19234826,281.29156561,BTCUSD
2024-06-03 04:00:00,68419.5,68638.5,68324.0,68540.0,21288375,310.9142103,BTCUSD
2024-06-03 05:00:00,68540.0,68799.0,68468.0,68721.0,11724315,170.71910736,BTCUSD
2024-06-03 06:00:00,68721.0,69234.0,68640.5,69063.0,51760884,749.90455913,BTCUSD
2024-06-03 07:00:00,69063.0,69205.5,68814.0,68920.5,31830319,461.33476584,BTCUSD
2024-06-03 08:00:00,68920.5,69368.0,68920.5,69180.5,31352204,453.01966306,BTCUSD
2024-06-03 09:00:00,69180.5,69218.0,68947.5,69049.0,12748377,184.53407082,BTCUSD
2024-06-03 10:00:00,69049.0,69232.5,68910.0,68950.5,14324647,207.30240789,BTCUSD
2024-06-03 11:00:00,68950.5,69308.0,68890.0,69128.0,16301386,235.68636434,BTCUSD
2024-06-03 12:00:00,69128.0,69844.0,69128.0,69784.0,50747872,729.32576688,BTCUSD
2024-06-03 13:00:00,69784.0,70340.0,69568.0,69827.5,73444386,1049.86863649,BTCUSD
2024-06-03 14:00:00,69827.5,70126.0,68570.0,68825.0,110696206,1598.28759313,BTCUSD
2024-06-03 15:00:00,68825.0,69659.0,68807.0,69659.0,48806890,704.75451838,BTCUSD
2024-06-03 16:00:00,69659.0,69750.0,68926.0,69116.5,30490287,439.82125972,BTCUSD
2024-06-03 17:00:00,69116.5,69433.5,68816.5,69298.5,18699949,270.4455044,BTCUSD
2024-06-03 18:00:00,69298.5,69494.5,69202.5,69330.5,12514921,180.38669768,BTCUSD
2024-06-03 19:00:00,69330.5,69348.0,69076.0,69251.5,7484584,108.17680463,BTCUSD
2024-06-03 20:00:00,69251.5,69560.5,69136.0,69136.5,14383867,207.20770316,BTCUSD
2024-06-03 21:00:00,69136.5,69228.0,68920.0,69119.5,10097176,146.13866329,BTCUSD
2024-06-03 22:00:00,69119.5,69175.0,68836.5,69066.5,13979316,202.54776065,BTCUSD
2024-06-03 23:00:00,69066.5,69094.5,68769.0,68840.5,10243828,148.60787796,BTCUSD
2024-06-04 00:00:00,68840.5,69136.0,68682.5,69032.0,19532323,283.51636273,BTCUSD
2024-06-04 01:00:00,69032.0,69242.5,68940.5,69242.5,10536914,152.48105152,BTCUSD
2024-06-04 02:00:00,69242.5,69345.0,69098.5,69159.5,6833751,98.7139066,BTCUSD
2024-06-04 03:00:00,69159.5,69412.0,69146.5,69200.0,7570428,109.25008018,BTCUSD
2024-06-04 04:00:00,69200.0,69299.5,69072.0,69091.0,8950496,129.35163523,BTCUSD
2024-06-04 05:00:00,69091.0,69196.0,68940.5,68987.0,8113396,117.45271292,BTCUSD
2024-06-04 06:00:00,68987.0,69069.5,68785.0,68930.5,14285001,207.25051685,BTCUSD
2024-06-04 07:00:00,68930.5,69101.5,68917.0,69034.0,6584066,95.37705523,BTCUSD
2024-06-04 08:00:00,69034.0,69225.0,68850.5,68869.5,11014276,159.58098218,BTCUSD
2024-06-04 09:00:00,68869.5,68911.5,68581.5,68732.0,18676927,271.74226411,BTCUSD
2024-06-04 10:00:00,68732.0,68980.5,68717.5,68903.0,10284978,149.33073225,BTCUSD
2024-06-04 11:00:00,68903.0,69048.0,68845.0,68970.5,8825644,128.01709506,BTCUSD
2024-06-04 12:00:00,68970.5,69177.5,68864.0,68969.5,14611722,211.72519119,BTCUSD
2024-06-04 13:00:00,68969.5,69864.5,68969.5,69548.0,37063691,533.43691761,BTCUSD
2024-06-04 14:00:00,69548.0,70122.0,69337.0,69679.0,66890052,958.75988345,BTCUSD
2024-06-04 15:00:00,69679.0,70567.0,69490.0,70493.0,59558109,848.48419136,BTCUSD
2024-06-04 16:00:00,70493.0,71085.0,70468.5,70870.5,83723849,1182.44208622,BTCUSD
2024-06-04 17:00:00,70870.5,70899.5,70405.0,70609.5,28566338,404.43838038,BTCUSD
2024-06-04 18:00:00,70609.5,71134.0,70609.5,70760.5,25176015,355.0796198,BTCUSD
2024-06-04 19:00:00,70760.5,70780.0,70136.5,70491.5,43429818,616.86047575,BTCUSD
2024-06-04 20:00:00,70491.5,70607.5,70207.5,70458.0,28940786,411.26678004,BTCUSD
2024-06-04 21:00:00,70458.0,70684.0,70400.5,70671.0,9802232,139.022315,BTCUSD
2024-06-04 22:00:00,70671.0,70780.0,70558.0,70614.5,9873918,139.70424345,BTCUSD
2024-06-04 23:00:00,70614.5,70677.0,70458.0,70587.5,6457385,91.48311709,BTCUSD
2024-06-05 00:00:00,70587.5,70963.0,70490.0,70845.5,16384115,231.44357794,BTCUSD
2024-06-05 01:00:00,70845.5,71400.0,70725.5,71067.0,26591434,373.84807998,BTCUSD
2024-06-05 02:00:00,71067.0,71217.5,70730.5,70901.0,26641343,375.32478066,BTCUSD
2024-06-05 03:00:00,70901.0,71049.5,70837.0,71007.5,11591164,163.4102145,BTCUSD
2024-06-05 04:00:00,71007.5,71332.0,70896.0,71240.5,22537471,316.76383835,BTCUSD
2024-06-05 05:00:00,71240.5,71259.0,70930.0,71059.5,13352873,187.92294536,BTCUSD
2024-06-05 06:00:00,71059.5,71194.5,70894.0,71172.5,16808979,236.7340337,BTCUSD
2024-06-05 07:00:00,71172.5,71444.5,71050.0,71254.0,25563466,358.77869044,BTCUSD
2024-06-05 08:00:00,71254.0,71294.0,70930.0,70980.0,19859250,279.35770354,BTCUSD
2024-06-05 09:00:00,70980.0,71079.5,70888.5,70958.0,9287031,130.85006949,BTCUSD
2024-06-05 10:00:00,70958.0,70976.0,70771.5,70856.0,14713307,207.60721858,BTCUSD
2024-06-05 11:00:00,70856.0,71147.0,70759.0,71004.5,18495994,260.66852189,BTCUSD
2024-06-05 12:00:00,71004.5,71167.5,70674.0,70989.0,25797010,363.93414818,BTCUSD
2024-06-05 13:00:00,70989.0,71231.0,70612.0,70783.0,27645799,389.94104757,BTCUSD
2024-06-05 14:00:00,70783.0,71112.0,70425.5,70913.5,77432335,1093.90700431,BTCUSD
2024-06-05 15:00:00,70913.5,71842.0,70813.0,71628.5,106376251,1488.55100238,BTCUSD
2024-06-05 16:00:00,71628.5,71849.5,71333.0,71398.5,71583385,999.2200826,BTCUSD
2024-06-05 17:00:00,71398.5,71763.0,71301.0,71679.0,27765484,387.86633944,BTCUSD
2024-06-05 18:00:00,71679.0,71790.5,70957.0,71168.5,50757129,711.22576884,BTCUSD
2024-06-05 19:00:00,71168.5,71470.0,70947.0,71342.0,19156818,269.18052728,BTCUSD
2024-06-05 20:00:00,71342.0,71435.0,71224.5,71263.0,9482488,132.99798673,BTCUSD
2024-06-05 21:00:00,71263.0,71283.5,71080.5,71203.5,10433346,146.58494113,BTCUSD
2024-06-05 22:00:00,71203.5,71342.0,71162.5,71212.5,7128597,100.03167096,BTCUSD
2024-06-05 23:00:00,71212.5,71350.0,70695.0,71142.0,34562818,486.89083628,BTCUSD
2024-06-06 00:00:00,71142.0,71239.0,71001.0,71066.0,7377572,103.68989416,BTCUSD
2024-06-06 01:00:00,71066.0,71250.0,70953.5,71188.0,9021029,126.83584118,BTCUSD
2024-06-06 02:00:00,71188.0,71303.5,71168.0,71217.0,6863678,96.33855512,BTCUSD
2024-06-06 03:00:00,71217.0,71248.0,71071.0,71110.5,5841295,82.08486205,BTCUSD
2024-06-06 04:00:00,71110.5,71172.5,70986.0,71134.0,7928408,111.59378196,BTCUSD
2024-06-06 05:00:00,71134.0,71158.5,70880.0,70973.5,12741861,179.5381984,BTCUSD
2024-06-06 06:00:00,70973.5,71111.0,70884.0,70970.5,7690326,108.33789657,BTCUSD
2024-06-06 07:00:00,70970.5,71142.5,70940.0,71082.5,9776676,137.65855667,BTCUSD
2024-06-06 08:00:00,71082.5,71121.0,70947.0,70973.0,6119973,86.18061876,BTCUSD
2024-06-06 09:00:00,70973.0,71217.5,70973.0,71048.5,9351294,131.55300172,BTCUSD
2024-06-06 10:00:00,71048.5,71088.0,70973.5,71063.5,6014346,84.66780103,BTCUSD
2024-06-06 11:00:00,71063.5,71258.0,70986.0,71227.5,8757330,123.10750802,BTCUSD
2024-06-06 12:00:00,71227.5,71528.5,71108.0,71238.5,40620500,569.46322703,BTCUSD
2024-06-06 13:00:00,71238.5,71578.5,71033.5,71169.0,27950843,391.9665087,BTCUSD
2024-06-06 14:00:00,71169.0,71568.0,71074.5,71507.0,92733360,1298.76978949,BTCUSD
2024-06-06 15:00:00,71507.0,71691.0,71289.5,71345.5,136928353,1914.75309342,BTCUSD
2024-06-06 16:00:00,71345.5,71430.5,70875.0,71008.5,160746512,2261.62554195,BTCUSD
2024-06-06 17:00:00,71008.5,71264.5,70824.5,71145.0,157870356,2222.64118437,BTCUSD
2024-06-06 18:00:00,71145.0,71198.0,70912.5,71124.0,24476087,344.38117394,BTCUSD
2024-06-06 19:00:00,71124.0,71124.0,70434.5,70502.5,132454252,1873.66393166,BTCUSD
2024-06-06 20:00:00,70502.5,70769.5,70130.0,70755.0,156602667,2223.36052054,BTCUSD
2024-06-06 21:00:00,70755.0,70880.5,70707.0,70767.5,25108394,354.68209845,BTCUSD
2024-06-06 22:00:00,70767.5,70923.0,70695.0,70923.0,23069959,325.7202167,BTCUSD
2024-06-06 23:00:00,70923.0,70973.5,70780.0,70818.0,20174538,284.64562657,BTCUSD
2024-06-07 00:00:00,70818.0,70917.0,70768.5,70914.5,22434142,316.56423524,BTCUSD
2024-06-07 01:00:00,70914.5,70943.5,70708.0,70883.0,44258731,625.03212664,BTCUSD
2024-06-07 02:00:00,70883.0,70900.0,70695.5,70847.5,12145988,171.46199504,BTCUSD
2024-06-07 03:00:00,70847.5,71062.5,70791.0,71033.5,16199928,228.42864663,BTCUSD
2024-06-07 04:00:00,71033.5,71290.0,71033.5,71263.5,19238739,270.2729073,BTCUSD
2024-06-07 05:00:00,71263.5,71467.5,71188.5,71318.0,34102694,477.88920153,BTCUSD
2024-06-07 06:00:00,71318.0,71380.0,71178.5,71291.5,21012439,294.84043416,BTCUSD
2024-06-07 07:00:00,71291.5,71320.0,71086.0,71127.0,9587897,134.67423485,BTCUSD
2024-06-07 08:00:00,71127.0,71207.5,71074.0,71126.0,8846078,124.37790248,BTCUSD
2024-06-07 09:00:00,71126.0,71324.0,71074.5,71302.5,12100876,169.98774651,BTCUSD
2024-06-07 10:00:00,71302.5,71444.5,71217.0,71387.5,8133758,114.01749809,BTCUSD
2024-06-07 11:00:00,71387.5,71753.5,71309.0,71733.0,25958869,362.81639446,BTCUSD
2024-06-07 12:00:00,71733.0,72086.0,70676.5,71272.5,244649086,3431.32502291,BTCUSD
2024-06-07 13:00:00,71272.5,71766.5,71082.0,71534.0,102188062,1430.71600727,BTCUSD
2024-06-07 14:00:00,71534.0,71568.5,71168.5,71443.5,66493598,932.00514237,BTCUSD
2024-06-07 15:00:00,71443.5,71443.5,70898.0,71126.0,34074364,479.31669194,BTCUSD
2024-06-07 16:00:00,71126.0,71231.5,70820.0,70899.0,29601772,416.72683988,BTCUSD
2024-06-07 17:00:00,70899.0,70899.0,69756.0,69762.0,91908663,1307.28839232,BTCUSD
2024-06-07 18:00:00,69762.0,69845.0,68300.5,69172.5,266674222,3858.525467,BTCUSD
2024-06-07 19:00:00,69172.5,69456.0,68800.5,69260.0,68412376,989.48692074,BTCUSD
2024-06-07 20:00:00,69260.0,69339.0,68991.0,69332.5,30971120,447.96780045,BTCUSD
2024-06-07 21:00:00,69332.5,69413.0,69204.5,69254.0,25175003,363.34499767,BTCUSD
2024-06-07 22:00:00,69254.0,69547.0,69189.0,69490.0,10014735,144.30352387,BTCUSD
2024-06-07 23:00:00,69490.0,69490.0,69317.5,69346.0,6447858,92.93193714,BTCUSD
2024-06-08 00:00:00,69346.0,69478.5,69296.0,69406.0,4330545,62.41962261,BTCUSD
2024-06-08 01:00:00,69406.0,69475.0,69296.0,69475.0,6463008,93.13388604,BTCUSD
2024-06-08 02:00:00,69475.0,69475.0,69400.0,69446.5,3531609,50.85962335,BTCUSD
2024-06-08 03:00:00,69446.5,69539.0,69409.0,69429.0,7564230,108.8638188,BTCUSD
2024-06-08 04:00:00,69429.0,69465.0,69271.0,69308.5,8690205,125.29644571,BTCUSD
2024-06-08 05:00:00,69308.5,69351.0,69235.0,69341.0,12095576,174.55552643,BTCUSD
2024-06-08 06:00:00,69341.0,69431.5,69312.0,69351.0,5730119,82.59946642,BTCUSD
2024-06-08 07:00:00,69351.0,69590.0,69351.0,69589.5,13316599,191.57618534,BTCUSD
2024-06-08 08:00:00,69589.5,69595.5,69411.5,69464.0,5900828,84.92667295,BTCUSD
2024-06-08 09:00:00,69464.0,69525.0,69411.0,69482.5,3935849,56.64989288,BTCUSD
2024-06-08 10:00:00,69482.5,69535.0,69374.0,69490.0,8436988,121.50939479,BTCUSD
2024-06-08 11:00:00,69490.0,69551.0,69346.0,69414.0,6989540,100.64875953,BTCUSD
2024-06-08 12:00:00,69414.0,69462.5,69302.5,69388.5,5810091,83.75917706,BTCUSD
2024-06-08 13:00:00,69388.5,69462.0,69200.5,69462.0,10234019,147.62491322,BTCUSD
2024-06-08 14:00:00,69462.0,69508.0,69346.0,69508.0,6185722,89.09838805,BTCUSD
2024-06-08 15:00:00,69508.0,69526.5,69444.5,69445.5,3975864,57.21772328,BTCUSD
2024-06-08 16:00:00,69445.5,69494.5,69338.5,69435.0,4556314,65.64572614,BTCUSD
2024-06-08 17:00:00,69435.0,69514.0,69390.5,69486.0,4905582,70.6060363,BTCUSD
2024-06-08 18:00:00,69486.0,69526.5,69465.5,69490.0,3644583,52.44531292,BTCUSD
2024-06-08 19:00:00,69490.0,69527.0,69465.0,69489.0,2691190,38.71807748,BTCUSD
2024-06-08 20:00:00,69489.0,69507.0,69348.5,69394.0,5959464,85.84955952,BTCUSD
2024-06-08 21:00:00,69394.0,69461.0,69337.0,69430.5,3767860,54.2983395,BTCUSD
2024-06-08 22:00:00,69430.5,69430.5,69311.5,69362.5,6797896,98.03767391,BTCUSD
2024-06-08 23:00:00,69362.5,69369.0,69320.0,69340.0,1925858,27.77157768,BTCUSD
2024-06-09 00:00:00,69340.0,69359.5,69261.5,69294.5,2097714,30.26558466,BTCUSD
2024-06-09 01:00:00,69294.5,69367.0,69261.0,69299.0,2807096,40.50809941,BTCUSD
2024-06-09 02:00:00,69299.0,69320.0,69179.0,69200.0,10154914,146.66564137,BTCUSD
2024-06-09 03:00:00,69200.0,69330.0,69150.0,69289.0,4979158,71.92349953,BTCUSD
2024-06-09 04:00:00,69289.0,69349.5,69280.0,69346.0,4742101,68.40702688,BTCUSD
2024-06-09 05:00:00,69346.0,69407.5,69281.0,69343.5,2995963,43.20070466,BTCUSD
2024-06-09 06:00:00,69343.5,69438.5,69331.5,69437.0,3208131,46.23067891,BTCUSD
2024-06-09 07:00:00,69437.0,69472.0,69318.0,69343.5,5325175,76.72043936,BTCUSD
2024-06-09 08:00:00,69343.5,69395.0,69325.0,69390.0,1295833,18.68186098,BTCUSD
2024-06-09 09:00:00,69390.0,69452.5,69375.0,69415.0,5342442,76.95796709,BTCUSD
2024-06-09 10:00:00,69415.0,69415.5,69376.5,69394.5,1433840,20.6631613,BTCUSD
2024-06-09 11:00:00,69394.5,69446.0,69374.0,69420.5,2832475,40.80464341,BTCUSD
2024-06-09 12:00:00,69420.5,69795.5,69408.5,69733.5,33203900,476.90636703,BTCUSD
2024-06-09 13:00:00,69733.5,69841.0,69263.0,69484.0,50346667,724.20214512,BTCUSD
2024-06-09 14:00:00,69484.0,69583.0,69272.5,69508.0,13431547,193.45072109,BTCUSD
2024-06-09 15:00:00,69508.0,69620.0,69452.5,69535.5,20575918,295.76110309,BTCUSD
2024-06-09 16:00:00,69535.5,69663.5,69523.0,69649.5,5117321,73.51935836,BTCUSD
2024-06-09 17:00:00,69649.5,69753.5,69623.5,69708.5,18031773,258.80268781,BTCUSD
2024-06-09 18:00:00,69708.5,69888.0,69661.0,69785.5,11800356,169.0644333,BTCUSD
2024-06-09 19:00:00,69785.5,69895.0,69688.0,69742.5,20123387,288.19560529,BTCUSD
2024-06-09 20:00:00,69742.5,69778.5,69623.5,69728.5,15589306,223.61539336,BTCUSD
2024-06-09 21:00:00,69728.5,69892.0,69614.0,69794.5,21586403,309.45516399,BTCUSD
2024-06-09 22:00:00,69794.5,69826.5,69641.0,69673.0,13026912,186.82817762,BTCUSD
2024-06-09 23:00:00,69673.0,69727.0,69629.0,69681.5,3489503,50.08384351,BTCUSD
2024-06-10 00:00:00,69681.5,69691.0,69444.0,69590.0,17197846,247.35451126,BTCUSD
2024-06-10 01:00:00,69590.0,69691.0,69517.0,69646.5,8876064,127.54704312,BTCUSD
2024-06-10 02:00:00,69646.5,69822.5,69626.5,69729.0,7115349,102.00174668,BTCUSD
2024-06-10 03:00:00,69729.0,69802.0,69600.5,69640.0,6325512,90.76337151,BTCUSD
2024-06-10 04:00:00,69640.0,69733.5,69552.0,69710.5,9732669,139.68802724,BTCUSD
2024-06-10 05:00:00,69710.5,69710.5,69568.5,69607.5,6429911,92.36610502,BTCUSD
2024-06-10 06:00:00,69607.5,69648.5,69369.0,69451.5,11042814,158.92827835,BTCUSD
2024-06-10 07:00:00,69451.5,69545.0,69273.5,69344.5,23847333,343.56380996,BTCUSD
2024-06-10 08:00:00,69344.5,69534.5,69328.5,69441.5,9275028,133.53639736,BTCUSD
2024-06-10 09:00:00,69441.5,69513.0,69191.5,69482.5,15745886,227.01367945,BTCUSD
2024-06-10 10:00:00,69482.5,69510.0,69394.0,69468.0,6316913,90.97289036,BTCUSD
2024-06-10 11:00:00,69468.0,69592.5,69365.5,69514.0,7475524,107.55199086,BTCUSD
2024-06-10 12:00:00,69514.0,69544.0,69345.5,69388.5,5555432,80.01137748,BTCUSD
2024-06-10 13:00:00,69388.5,69544.0,69244.5,69431.5,25285937,364.4584072,BTCUSD
2024-06-10 14:00:00,69431.5,69695.5,69326.0,69695.0,12343901,177.44051457,BTCUSD
2024-06-10 15:00:00,69695.0,70196.0,69628.5,70074.5,52357201,748.43608636,BTCUSD
2024-06-10 16:00:00,70074.5,70124.0,69739.0,69999.0,27091892,387.4126175,BTCUSD
2024-06-10 17:00:00,69999.0,70098.0,69788.5,70071.0,8874503,126.8968145,BTCUSD
2024-06-10 18:00:00,70071.0,70174.5,69760.0,69888.0,9474886,135.37577866,BTCUSD
2024-06-10 19:00:00,69888.0,69888.0,69392.0,69512.0,46913024,674.11196946,BTCUSD
2024-06-10 20:00:00,69512.0,69690.0,69325.0,69631.0,39221021,564.49134627,BTCUSD
2024-06-10 21:00:00,69631.0,69689.5,69531.0,69580.5,5790868,83.1939932,BTCUSD
2024-06-10 22:00:00,69580.5,69596.0,69404.5,69491.5,6428028,92.54691807,BTCUSD
2024-06-10 23:00:00,69491.5,69548.0,69391.0,69528.5,8024010,115.49755855,BTCUSD
2024-06-11 00:00:00,69528.5,69560.0,69390.5,69391.0,4345607,62.54305317,BTCUSD
2024-06-11 01:00:00,69391.0,69512.0,68456.0,68700.0,77092266,1118.40260219,BTCUSD
2024-06-11 02:00:00,68700.0,68903.0,67852.5,68227.5,101476374,1488.01455484,BTCUSD
2024-06-11 03:00:00,68227.5,68469.5,68122.0,68444.5,32889395,481.42847124,BTCUSD
2024-06-11 04:00:00,68444.5,68444.5,67590.0,68016.5,61570738,906.38188385,BTCUSD
2024-06-11 05:00:00,68016.5,68041.0,67656.0,67907.5,17151908,252.89549747,BTCUSD
2024-06-11 06:00:00,67907.5,67977.5,67281.5,67674.0,56802797,840.34306397,BTCUSD
2024-06-11 07:00:00,67674.0,67847.5,67516.5,67557.0,41416988,612.04829666,BTCUSD
2024-06-11 08:00:00,67557.0,67641.0,67229.5,67519.0,40278311,597.09379873,BTCUSD
2024-06-11 09:00:00,67519.0,67660.0,66784.0,67064.0,69017592,1027.90901958,BTCUSD
2024-06-11 10:00:00,67064.0,67274.5,66713.5,66943.5,31077835,463.77352335,BTCUSD
2024-06-11 11:00:00,66943.5,67100.5,66705.5,66865.5,22184481,331.68657182,BTCUSD
2024-06-11 12:00:00,66865.5,67168.5,66773.0,67027.5,22797310,340.3511006,BTCUSD
2024-06-11 13:00:00,67027.5,67286.5,66501.5,66819.5,64582242,965.67230308,BTCUSD
2024-06-11 14:00:00,66819.5,67112.0,66778.0,66860.0,25125977,375.33910318,BTCUSD
2024-06-11 15:00:00,66860.0,67088.5,66010.5,66241.5,76837205,1156.72765433,BTCUSD
2024-06-11 16:00:00,66241.5,66743.0,66154.0,66495.0,26128462,392.88790025,BTCUSD
2024-06-11 17:00:00,66495.0,66832.0,66185.5,66777.0,20387740,306.4459649,BTCUSD
2024-06-11 18:00:00,66777.0,67237.5,66668.5,67133.0,21337316,318.2970002,BTCUSD
2024-06-11 19:00:00,67133.0,67584.0,67094.5,67407.5,28489609,422.94470494,BTCUSD
2024-06-11 20:00:00,67407.5,67503.0,67198.0,67303.0,12949821,192.24609251,BTCUSD
2024-06-11 21:00:00,67303.0,67433.0,67211.0,67412.5,9830497,145.97140829,BTCUSD
2024-06-11 22:00:00,67412.5,67597.5,67334.0,67396.0,14312335,212.2226738,BTCUSD
2024-06-11 23:00:00,67396.0,67605.5,67334.0,67343.5,13342988,197.72852239,BTCUSD
2024-06-12 00:00:00,67343.5,67461.0,67212.0,67225.5,8904554,132.29487221,BTCUSD
2024-06-12 01:00:00,67225.5,67273.5,66922.5,67202.0,16584221,247.25927903,BTCUSD
2024-06-12 02:00:00,67202.0,67633.0,67151.5,67436.5,20072704,297.48350468,BTCUSD
2024-06-12 03:00:00,67436.5,67511.0,67341.5,67423.5,9565197,141.89671026,BTCUSD
2024-06-12 04:00:00,67423.5,67618.5,67400.0,67500.0,15744751,233.12328591,BTCUSD
2024-06-12 05:00:00,67500.0,67517.5,67227.0,67256.0,8103807,120.28351215,BTCUSD
2024-06-12 06:00:00,67256.0,67414.5,67256.0,67309.0,6008746,89.21604464,BTCUSD
2024-06-12 07:00:00,67309.0,67521.5,67265.0,67470.5,6254031,92.78991041,BTCUSD
2024-06-12 08:00:00,67470.5,67562.5,67400.0,67422.0,5220865,77.37441025,BTCUSD
2024-06-12 09:00:00,67422.0,67816.0,67385.0,67756.5,24196920,357.48250077,BTCUSD
2024-06-12 10:00:00,67756.5,68049.0,67756.0,67993.5,38045918,560.26828807,BTCUSD
2024-06-12 11:00:00,67993.5,68009.5,67722.0,67776.5,13326866,196.51711777,BTCUSD
2024-06-12 12:00:00,67776.5,69496.5,67739.0,69335.0,178692207,2590.7954227,BTCUSD
2024-06-12 13:00:00,69335.0,69673.5,69065.0,69332.0,62219341,897.05033816,BTCUSD
2024-06-12 14:00:00,69332.0,69999.0,69300.0,69979.0,41918769,600.93437556,BTCUSD
2024-06-12 15:00:00,69979.0,70067.0,69527.5,69743.5,30869623,442.30620769,BTCUSD
2024-06-12 16:00:00,69743.5,69807.5,69277.0,69620.5,19731695,283.9026397,BTCUSD
2024-06-12 17:00:00,69620.5,69873.5,69490.0,69795.0,13456263,193.11731871,BTCUSD
2024-06-12 18:00:00,69795.0,69811.0,68600.5,68841.0,151190553,2186.00866316,BTCUSD
2024-06-12 19:00:00,68841.0,69237.0,67250.0,67559.0,136767131,2009.4030368,BTCUSD
2024-06-12 20:00:00,67559.0,68308.0,67442.0,68105.0,36849871,542.76084369,BTCUSD
2024-06-12 21:00:00,68105.0,68686.0,68099.0,68528.5,14917624,217.98379485,BTCUSD
2024-06-12 22:00:00,68528.5,68536.5,68264.0,68349.0,6886795,100.73351532,BTCUSD
2024-06-12 23:00:00,68349.0,68352.5,68121.0,68252.0,9860817,144.56451216,BTCUSD
2024-06-13 00:00:00,68252.0,68383.5,68003.0,68317.0,16917038,248.16291589,BTCUSD
2024-06-13 01:00:00,68317.0,68357.5,67860.5,67959.5,17337058,254.93208015,BTCUSD
2024-06-13 02:00:00,67959.5,68159.5,67669.5,67722.0,23516611,346.42002679,BTCUSD
2024-06-13 03:00:00,67722.0,67841.0,66955.5,67471.5,41518553,616.33189688,BTCUSD
2024-06-13 04:00:00,67471.5,67698.0,67317.0,67317.0,19563721,289.57903421,BTCUSD
2024-06-13 05:00:00,67317.0,67664.5,67308.0,67592.0,10590197,156.80220293,BTCUSD
2024-06-13 06:00:00,67592.0,67596.0,67310.0,67519.5,14498766,215.0247095,BTCUSD
2024-06-13 07:00:00,67519.5,67731.0,67396.0,67731.0,11568342,171.13600161,BTCUSD
2024-06-13 08:00:00,67731.0,67759.0,67513.5,67574.5,8157772,120.58404844,BTCUSD
2024-06-13 09:00:00,67574.5,67579.0,67168.5,67422.5,14369155,213.30137422,BTCUSD
2024-06-13 10:00:00,67422.5,67976.5,67229.5,67817.0,23626728,349.35131224,BTCUSD
2024-06-13 11:00:00,67817.0,67969.0,67650.5,67739.0,16514587,243.57444673,BTCUSD
2024-06-13 12:00:00,67739.0,68539.0,67450.0,67747.0,71995555,1059.32585288,BTCUSD
2024-06-13 13:00:00,67747.0,68281.5,67528.5,67604.0,40462185,595.78450608,BTCUSD
2024-06-13 14:00:00,67604.0,67738.0,67151.0,67371.0,46194521,684.90035187,BTCUSD
2024-06-13 15:00:00,67371.0,67531.0,66351.0,66480.0,76552216,1145.6214836,BTCUSD
2024-06-13 16:00:00,66480.0,67022.5,66268.5,66983.5,43507199,652.69752351,BTCUSD
2024-06-13 17:00:00,66983.5,67077.5,66638.0,66931.0,26031446,389.43006691,BTCUSD
2024-06-13 18:00:00,66931.0,66977.0,66696.0,66877.0,8109080,121.29526889,BTCUSD
2024-06-13 19:00:00,66877.0,66885.5,66581.0,66590.0,16485650,247.06948269,BTCUSD
2024-06-13 20:00:00,66590.0,66791.0,66507.5,66690.0,8782381,131.78649217,BTCUSD
2024-06-13 21:00:00,66690.0,66961.5,66674.0,66960.0,8801929,131.73685904,BTCUSD
2024-06-13 22:00:00,66960.0,66981.0,66847.0,66887.0,4319929,64.5535124,BTCUSD
2024-06-13 23:00:00,66887.0,66900.0,66665.5,66768.0,7860998,117.7152982,BTCUSD
2024-06-14 00:00:00,66768.0,66877.0,66588.5,66715.5,8549115,128.11359168,BTCUSD
2024-06-14 01:00:00,66715.5,66816.0,66459.5,66797.0,15804474,237.22733978,BTCUSD
2024-06-14 02:00:00,66797.0,67021.0,66712.5,66940.0,8134399,121.68509942,BTCUSD
2024-06-14 03:00:00,66940.0,66973.0,66664.5,66733.0,7397806,110.75883644,BTCUSD
2024-06-14 04:00:00,66733.0,66820.5,66706.5,66707.0,1668602,24.99276459,BTCUSD
2024-06-14 05:00:00,66707.0,67200.0,66702.0,67037.5,20108105,299.84176128,BTCUSD
2024-06-14 06:00:00,67037.5,67112.5,66857.5,66948.0,11310797,168.89894385,BTCUSD
2024-06-14 07:00:00,66948.0,67094.0,66877.5,66903.5,7864686,117.39763927,BTCUSD
2024-06-14 08:00:00,66903.5,67230.0,66864.5,67130.5,18463046,275.10602115,BTCUSD
2024-06-14 09:00:00,67130.5,67130.5,66879.0,66890.5,10012585,149.42102174,BTCUSD
2024-06-14 10:00:00,66890.5,67002.5,66784.5,66842.0,12567697,187.8711844,BTCUSD
2024-06-14 11:00:00,66842.0,67085.5,66726.5,67012.0,12620310,188.4763661,BTCUSD
2024-06-14 12:00:00,67012.0,67287.5,66966.5,67069.0,16008479,238.43880377,BTCUSD
2024-06-14 13:00:00,67069.0,67367.5,66951.0,67073.5,10879133,161.90676419,BTCUSD
2024-06-14 14:00:00,67073.5,67104.0,66527.5,66974.5,31956213,478.2634348,BTCUSD
2024-06-14 15:00:00,66974.5,67050.0,66317.5,66379.0,29247919,439.07992859,BTCUSD
2024-06-14 16:00:00,66379.0,66500.0,65152.0,65245.0,170834137,2602.68840941,BTCUSD
2024-06-14 17:00:00,65245.0,65713.5,65020.0,65384.0,45935038,702.8487461,BTCUSD
2024-06-14 18:00:00,65384.0,65509.5,65066.5,65498.5,25006392,383.13852467,BTCUSD
2024-06-14 19:00:00,65498.5,65663.5,65281.5,65508.0,23587990,360.02189894,BTCUSD
2024-06-14 20:00:00,65508.0,65964.0,65464.0,65755.5,18569219,282.41668662,BTCUSD
2024-06-14 21:00:00,65755.5,66615.5,65727.0,66148.0,47433475,717.16821371,BTCUSD
2024-06-14 22:00:00,66148.0,66195.0,65833.0,65963.0,20552861,311.51251901,BTCUSD
2024-06-14 23:00:00,65963.0,66035.0,65859.0,66000.5,7656391,116.10301669,BTCUSD
2024-06-15 00:00:00,66000.5,66246.0,65943.0,66154.0,15071109,228.01826227,BTCUSD
2024-06-15 01:00:00,66154.0,66246.0,66022.0,66036.5,4018064,60.78929599,BTCUSD
2024-06-15 02:00:00,66036.5,66207.0,66000.0,66167.5,3967772,60.02068224,BTCUSD
2024-06-15 03:00:00,66167.5,66248.0,66151.0,66218.5,6089050,91.98927847,BTCUSD
2024-06-15 04:00:00,66218.5,66333.5,66150.0,66195.5,9291669,140.25497078,BTCUSD
2024-06-15 05:00:00,66195.5,66351.5,66162.0,66179.0,3455078,52.15557508,BTCUSD
2024-06-15 06:00:00,66179.0,66379.0,66074.0,66110.0,9702147,146.55509168,BTCUSD
2024-06-15 07:00:00,66110.0,66141.0,66008.0,66008.5,4865179,73.65007893,BTCUSD
2024-06-15 08:00:00,66008.5,66168.5,66008.0,66163.5,5259751,79.55052909,BTCUSD
2024-06-15 09:00:00,66163.5,66230.0,66059.5,66177.0,4158639,62.85960933,BTCUSD
2024-06-15 10:00:00,66177.0,66261.5,66155.0,66254.0,3014922,45.53149972,BTCUSD
2024-06-15 11:00:00,66254.0,66291.0,66226.5,66269.5,2046114,30.87855206,BTCUSD
2024-06-15 12:00:00,66269.5,66303.0,66175.0,66291.5,7968745,120.29097798,BTCUSD
2024-06-15 13:00:00,66291.5,66295.0,66200.5,66257.0,3964480,59.85754312,BTCUSD
2024-06-15 14:00:00,66257.0,66257.0,66126.5,66173.0,2773039,41.90768311,BTCUSD
2024-06-15 15:00:00,66173.0,66445.5,66166.5,66264.0,13083863,197.22533471,BTCUSD
2024-06-15 16:00:00,66264.0,66316.0,66135.0,66145.5,3309996,49.99486932,BTCUSD
2024-06-15 17:00:00,66145.5,66250.0,66075.0,66202.5,6987172,105.61402665,BTCUSD
2024-06-15 18:00:00,66202.5,66202.5,66080.5,66095.5,1960751,29.6545382,BTCUSD
2024-06-15 19:00:00,66095.5,66156.0,66015.0,66108.0,3244687,49.09259106,BTCUSD
2024-06-15 20:00:00,66108.0,66122.5,65781.0,65985.5,15934075,241.65033843,BTCUSD
2024-06-15 21:00:00,65985.5,66094.0,65971.0,66066.0,5111442,77.39370274,BTCUSD
2024-06-15 22:00:00,66066.0,66140.0,65989.5,66140.0,1795068,27.1803454,BTCUSD
2024-06-15 23:00:00,66140.0,66228.0,66137.0,66162.0,3888306,58.75238933,BTCUSD
2024-06-16 00:00:00,66162.0,66208.5,66103.0,66103.0,2740123,41.41642428,BTCUSD
2024-06-16 01:00:00,66103.0,66147.5,66048.0,66107.5,2375562,35.94203623,BTCUSD
2024-06-16 02:00:00,66107.5,66127.5,66051.5,66080.0,1742629,26.36499783,BTCUSD
2024-06-16 03:00:00,66080.0,66098.5,66014.0,66077.0,2276763,34.46650364,BTCUSD
2024-06-16 04:00:00,66077.0,66140.0,65971.5,66098.0,2390510,36.19783925,BTCUSD
2024-06-16 05:00:00,66098.0,66219.0,66098.0,66210.0,2537658,38.34701474,BTCUSD
2024-06-16 06:00:00,66210.0,66295.0,66110.0,66244.0,4972572,75.08995233,BTCUSD
2024-06-16 07:00:00,66244.0,66292.5,66188.0,66198.5,2637309,39.81486212,BTCUSD
2024-06-16 08:00:00,66198.5,66272.0,66174.0,66200.0,2165119,32.69896517,BTCUSD
2024-06-16 09:00:00,66200.0,66362.0,66116.5,66341.0,7309324,110.32034752,BTCUSD
2024-06-16 10:00:00,66341.0,66698.5,66310.0,66641.0,21272567,319.83094948,BTCUSD
2024-06-16 11:00:00,66641.0,66683.5,66372.0,66426.0,11429385,171.85167402,BTCUSD
2024-06-16 12:00:00,66426.0,66572.0,66425.0,66523.0,8502615,127.88087007,BTCUSD
2024-06-16 13:00:00,66523.0,66709.0,66499.0,66708.0,9641853,144.74913997,BTCUSD
2024-06-16 14:00:00,66708.0,66730.5,66443.5,66460.0,9769866,146.69296473,BTCUSD
2024-06-16 15:00:00,66460.0,66653.0,66448.0,66641.0,5116875,76.86153717,BTCUSD
2024-06-16 16:00:00,66641.0,66676.0,66496.0,66525.5,4302882,64.63714315,BTCUSD
2024-06-16 17:00:00,66525.5,66604.5,66472.0,66508.0,5851798,87.97475411,BTCUSD
2024-06-16 18:00:00,66508.0,66593.5,66508.0,66518.0,3092546,46.47386806,BTCUSD
2024-06-16 19:00:00,66518.0,66568.0,66446.0,66479.5,2705347,40.68016234,BTCUSD
2024-06-16 20:00:00,66479.5,66520.5,66387.0,66433.5,5612687,84.46751741,BTCUSD
2024-06-16 21:00:00,66433.5,66458.5,66395.0,66447.5,2938960,44.24235424,BTCUSD
2024-06-16 22:00:00,66447.5,66911.5,66447.5,66681.0,36678057,549.99293189,BTCUSD
2024-06-16 23:00:00,66681.0,66759.0,66568.0,66611.0,4273654,64.11604117,BTCUSD
2024-06-17 00:00:00,66611.0,66850.0,66489.5,66534.5,17419184,261.40728604,BTCUSD
2024-06-17 01:00:00,66534.5,66555.5,66225.0,66412.5,15658349,235.95497345,BTCUSD
2024-06-17 02:00:00,66412.5,66412.5,66160.0,66274.5,10323423,155.78498202,BTCUSD
2024-06-17 03:00:00,66274.5,66361.0,66077.5,66150.5,7760192,117.22958234,BTCUSD
2024-06-17 04:00:00,66150.5,66370.5,66091.5,66370.0,4923873,74.35798885,BTCUSD
2024-06-17 05:00:00,66370.0,66500.0,66227.0,66286.0,9149394,137.82566714,BTCUSD
2024-06-17 06:00:00,66286.0,66333.0,66009.0,66067.5,16525789,249.88374634,BTCUSD
2024-06-17 07:00:00,66067.5,66307.5,65867.0,66099.5,24698871,373.9025598,BTCUSD
2024-06-17 08:00:00,66099.5,66248.5,65920.0,66154.0,19489299,294.91699001,BTCUSD
2024-06-17 09:00:00,66154.0,66188.0,65541.0,65658.5,34504903,524.5352498,BTCUSD
2024-06-17 10:00:00,65658.5,65878.5,65467.5,65815.0,34368028,523.31701129,BTCUSD
2024-06-17 11:00:00,65815.0,65976.5,65728.0,65755.0,7110255,108.00333693,BTCUSD
2024-06-17 12:00:00,65755.0,65762.0,65436.0,65561.5,20097787,306.45417565,BTCUSD
2024-06-17 13:00:00,65561.5,65738.5,65101.5,65145.0,41145915,629.47042849,BTCUSD
2024-06-17 14:00:00,65145.0,65717.5,65035.5,65390.5,30627334,468.21808538,BTCUSD
2024-06-17 15:00:00,65390.5,65670.5,65201.5,65325.0,23598908,360.77523447,BTCUSD
2024-06-17 16:00:00,65325.0,66028.5,65107.5,65854.0,44486103,676.75983252,BTCUSD
2024-06-17 17:00:00,65854.0,66563.0,65854.0,66556.0,55381475,836.33438572,BTCUSD
2024-06-17 18:00:00,66556.0,67301.5,66496.5,67052.0,99241702,1483.92170028,BTCUSD
2024-06-17 19:00:00,67052.0,67065.0,66522.0,66632.0,27882836,417.79615573,BTCUSD
2024-06-17 20:00:00,66632.0,66721.0,66113.5,66353.5,37720423,568.04229495,BTCUSD
2024-06-17 21:00:00,66353.5,66674.5,66262.0,66529.5,11660124,175.27876648,BTCUSD
2024-06-17 22:00:00,66529.5,66672.0,66455.5,66623.5,10507889,157.8566757,BTCUSD
2024-06-17 23:00:00,66623.5,66680.0,66354.0,66478.0,10364214,155.91960225,BTCUSD
2024-06-18 00:00:00,66478.0,66567.5,65453.5,65718.0,60705298,921.44809909,BTCUSD
2024-06-18 01:00:00,65718.0,65921.5,64508.5,65090.5,114359420,1759.84895048,BTCUSD
2024-06-18 02:00:00,65090.5,65625.0,64465.5,65448.0,86513772,1332.0462388,BTCUSD
2024-06-18 03:00:00,65448.0,65553.5,65245.0,65475.5,17225404,263.23012497,BTCUSD
2024-06-18 04:00:00,65475.5,65736.0,65302.0,65536.0,31255830,476.92722961,BTCUSD
2024-06-18 05:00:00,65536.0,65805.0,65498.0,65572.5,17344756,264.13412992,BTCUSD
2024-06-18 06:00:00,65572.5,65694.0,65365.0,65469.0,10586960,161.66367966,BTCUSD
2024-06-18 07:00:00,65469.0,65768.0,65459.0,65647.5,11502008,175.29716246,BTCUSD
2024-06-18 08:00:00,65647.5,65728.0,65551.0,65702.0,10651853,162.30610098,BTCUSD
2024-06-18 09:00:00,65702.0,65707.0,65439.5,65457.0,17341265,264.46205729,BTCUSD
2024-06-18 10:00:00,65457.0,65576.0,65330.0,65407.5,9649253,147.50330016,BTCUSD
2024-06-18 11:00:00,65407.5,65463.0,65083.0,65344.5,35887564,549.92284835,BTCUSD
2024-06-18 12:00:00,65344.5,65416.5,64961.0,65216.0,44480170,682.97401168,BTCUSD
2024-06-18 13:00:00,65216.0,65245.0,64600.0,64804.0,47912454,738.80466885,BTCUSD
2024-06-18 14:00:00,64804.0,65391.0,64200.0,64613.0,133917350,2071.58332548,BTCUSD
2024-06-18 15:00:00,64613.0,64923.5,64238.5,64658.5,45292499,701.43141511,BTCUSD
2024-06-18 16:00:00,64658.5,64824.0,64300.5,64668.5,22540034,349.40036784,BTCUSD
2024-06-18 17:00:00,64668.5,64863.5,64370.5,64576.5,16618591,257.12721511,BTCUSD
2024-06-18 18:00:00,64576.5,64837.0,64263.0,64643.0,17877991,276.83174488,BTCUSD
2024-06-18 19:00:00,64643.0,64694.0,64001.5,64386.5,42473063,661.23740257,BTCUSD
2024-06-18 20:00:00,64386.5,65018.0,64157.5,64896.0,32131238,497.32768566,BTCUSD
2024-06-18 21:00:00,64896.0,65273.0,64769.5,65187.0,25325001,389.23400318,BTCUSD
2024-06-18 22:00:00,65187.0,65244.5,65024.5,65221.0,26877428,412.71578027,BTCUSD
2024-06-18 23:00:00,65221.0,65221.0,65010.0,65108.0,7839944,120.43654245,BTCUSD
2024-06-19 00:00:00,65108.0,65175.0,64824.0,65092.5,19847300,305.49378135,BTCUSD
2024-06-19 01:00:00,65092.5,65468.0,64743.0,64979.5,31901934,489.77623498,BTCUSD
2024-06-19 02:00:00,64979.5,65443.5,64959.5,65277.0,16117124,246.95032834,BTCUSD
2024-06-19 03:00:00,65277.0,65554.0,65245.0,65361.0,19242337,294.24164352,BTCUSD
2024-06-19 04:00:00,65361.0,65667.5,65305.0,65410.5,33477170,511.03300991,BTCUSD
2024-06-19 05:00:00,65410.5,65512.5,65300.0,65385.0,10448867,159.74610871,BTCUSD
2024-06-19 06:00:00,65385.0,65561.5,65371.5,65557.5,4858707,74.19073935,BTCUSD
2024-06-19 07:00:00,65557.5,65616.0,65126.0,65292.0,13714696,209.89542501,BTCUSD
2024-06-19 08:00:00,65292.0,65320.0,65061.5,65154.0,11862281,182.01444759,BTCUSD
2024-06-19 09:00:00,65154.0,65242.5,65023.0,65242.5,10131351,155.55673785,BTCUSD
2024-06-19 10:00:00,65242.5,65463.5,65087.5,65463.5,16179795,247.94917298,BTCUSD
2024-06-19 11:00:00,65463.5,65500.0,64962.0,65170.0,20700315,317.46282422,BTCUSD
2024-06-19 12:00:00,65170.0,65262.0,64977.0,65140.0,9161137,140.72740931,BTCUSD
2024-06-19 13:00:00,65140.0,65193.0,65015.0,65045.5,6221540,95.56398154,BTCUSD
2024-06-19 14:00:00,65045.5,65109.5,64768.5,64900.5,28652040,441.25022054,BTCUSD
2024-06-19 15:00:00,64900.5,65074.0,64716.0,64895.5,43212688,666.26932898,BTCUSD
2024-06-19 16:00:00,64895.5,65077.5,64780.5,64914.5,16152734,248.73060764,BTCUSD
2024-06-19 17:00:00,64914.5,65279.0,64887.5,65065.5,19985614,306.8174081,BTCUSD
2024-06-19 18:00:00,65065.5,65136.0,64933.0,64933.0,4080149,62.7373169,BTCUSD
2024-06-19 19:00:00,64933.0,64951.5,64774.5,64858.0,7477634,115.3153755,BTCUSD
2024-06-19 20:00:00,64858.0,64900.0,64657.0,64849.5,10972317,169.46053223,BTCUSD
2024-06-19 21:00:00,64849.5,65081.5,64829.5,65003.0,10867659,167.2299074,BTCUSD
2024-06-19 22:00:00,65003.0,65038.0,64826.0,64826.5,2868787,44.18438919,BTCUSD
2024-06-19 23:00:00,64826.5,64984.0,64788.0,64951.5,5497803,84.78160652,BTCUSD
2024-06-20 00:00:00,64951.5,65085.0,64829.0,65085.0,5831684,89.77599007,BTCUSD
2024-06-20 01:00:00,65085.0,65393.0,65025.5,65145.0,21098232,323.47411842,BTCUSD
2024-06-20 02:00:00,65145.0,65249.5,64970.5,65196.0,10811193,165.92616442,BTCUSD
2024-06-20 03:00:00,65196.0,65227.5,65092.5,65178.0,3240810,49.73036383,BTCUSD
2024-06-20 04:00:00,65178.0,65332.0,65068.5,65294.5,7909116,121.29548684,BTCUSD
2024-06-20 05:00:00,65294.5,65615.0,65248.0,65505.0,24807592,378.95423775,BTCUSD
2024-06-20 06:00:00,65505.0,65644.5,65373.0,65444.0,19522426,297.86209707,BTCUSD
2024-06-20 07:00:00,65444.0,65982.5,65444.0,65836.0,33215766,504.79055235,BTCUSD
2024-06-20 08:00:00,65836.0,65900.0,65602.5,65678.5,18818323,286.34191042,BTCUSD
2024-06-20 09:00:00,65678.5,65750.0,65568.0,65714.5,12840230,195.50388219,BTCUSD
2024-06-20 10:00:00,65714.5,66336.0,65651.5,66215.0,40127337,607.16049307,BTCUSD
2024-06-20 11:00:00,66215.0,66514.5,66119.5,66182.5,52469278,791.1576425,BTCUSD
2024-06-20 12:00:00,66182.5,66303.0,65849.0,65994.0,32888294,497.75598354,BTCUSD
2024-06-20 13:00:00,65994.0,66004.5,65128.0,65156.0,72036490,1100.88217819,BTCUSD
2024-06-20 14:00:00,65156.0,65193.0,64632.0,64964.5,64351523,991.11959789,BTCUSD
2024-06-20 15:00:00,64964.5,65108.5,64787.0,64810.5,17863338,275.08234051,BTCUSD
2024-06-20 16:00:00,64810.5,64944.5,64517.5,64859.5,42101319,650.68238076,BTCUSD
2024-06-20 17:00:00,64859.5,64996.0,64661.5,64953.0,12416312,191.60672698,BTCUSD
2024-06-20 18:00:00,64953.0,65190.0,64916.0,65090.0,12767184,196.20212316,BTCUSD
2024-06-20 19:00:00,65090.0,65091.5,64808.5,65027.0,9451840,145.51172975,BTCUSD
2024-06-20 20:00:00,65027.0,65160.5,64960.5,65062.0,7337759,112.80905975,BTCUSD
2024-06-20 21:00:00,65062.0,65150.0,64987.5,65001.0,4369900,67.16749059,BTCUSD
2024-06-20 22:00:00,65001.0,65122.0,64936.5,64968.0,9877681,151.95714661,BTCUSD
2024-06-20 23:00:00,64968.0,65024.0,64827.5,64858.0,3601326,55.46002387,BTCUSD
2024-06-21 00:00:00,64858.0,64915.5,64612.5,64812.0,14903882,230.10940449,BTCUSD
2024-06-21 01:00:00,64812.0,64976.0,64642.5,64941.5,9013691,139.00714011,BTCUSD
2024-06-21 02:00:00,64941.5,65045.5,64707.0,64765.5,5557021,85.63815341,BTCUSD
2024-06-21 03:00:00,64765.5,64802.0,64255.5,64466.5,22182785,344.14174342,BTCUSD
2024-06-21 04:00:00,64466.5,64632.5,64265.0,64632.0,14796860,229.49141198,BTCUSD
2024-06-21 05:00:00,64632.0,64662.5,64469.0,64625.5,6227601,96.45416271,BTCUSD
2024-06-21 06:00:00,64625.5,64692.0,64525.5,64596.0,9917678,153.51374667,BTCUSD
2024-06-21 07:00:00,64596.0,64699.5,64051.5,64112.0,67524017,1051.53687639,BTCUSD
2024-06-21 08:00:00,64112.0,64312.0,63408.0,63568.0,99893240,1564.04309486,BTCUSD
2024-06-21 09:00:00,63568.0,64230.5,63469.0,64037.5,50539729,791.61856577,BTCUSD
2024-06-21 10:00:00,64037.5,64105.0,63725.0,63841.0,17195594,269.01956183,BTCUSD
2024-06-21 11:00:00,63841.0,64004.0,63621.0,63719.5,13079946,205.01633646,BTCUSD
2024-06-21 12:00:00,63719.5,63874.5,63450.5,63783.5,19463357,305.8739759,BTCUSD
2024-06-21 13:00:00,63783.5,63862.0,63351.5,63595.0,79594275,1251.77849674,BTCUSD
2024-06-21 14:00:00,63595.0,64347.5,63418.0,64184.5,29886403,466.83674889,BTCUSD
2024-06-21 15:00:00,64184.5,64314.0,63420.0,63713.0,29162166,457.18532933,BTCUSD
2024-06-21 16:00:00,63713.0,63823.0,63550.5,63622.5,10064588,158.07484468,BTCUSD
2024-06-21 17:00:00,63622.5,63870.0,63444.5,63651.5,15118970,237.48710062,BTCUSD
2024-06-21 18:00:00,63651.5,64173.5,63618.0,64148.5,11007733,172.17181353,BTCUSD
2024-06-21 19:00:00,64148.5,64232.0,63907.5,64232.0,10574661,164.99925294,BTCUSD
2024-06-21 20:00:00,64232.0,64457.5,64092.0,64202.0,17559660,273.14927169,BTCUSD
2024-06-21 21:00:00,64202.0,64202.0,63833.0,64069.0,7248609,113.29213428,BTCUSD
2024-06-21 22:00:00,64069.0,64184.0,64069.0,64137.5,3202525,49.93818997,BTCUSD
2024-06-21 23:00:00,64137.5,64206.5,64059.5,64122.0,3385401,52.79806579,BTCUSD
2024-06-22 00:00:00,64122.0,64172.5,63928.5,64032.5,5341202,83.40800358,BTCUSD
2024-06-22 01:00:00,64032.5,64197.5,64032.5,64140.5,6542768,102.03680454,BTCUSD
2024-06-22 02:00:00,64140.5,64338.5,64137.0,64282.0,9123689,141.97174148,BTCUSD
2024-06-22 03:00:00,64282.0,64306.0,64242.0,64298.5,2763502,42.99799701,BTCUSD
2024-06-22 04:00:00,64298.5,64332.0,64222.0,64331.0,3438758,53.49853621,BTCUSD
2024-06-22 05:00:00,64331.0,64399.5,64232.0,64397.0,3615881,56.2043552,BTCUSD
2024-06-22 06:00:00,64397.0,64498.5,64338.0,64408.0,9247737,143.55615215,BTCUSD
2024-06-22 07:00:00,64408.0,64509.5,64302.0,64489.5,6835667,106.13292792,BTCUSD
2024-06-22 08:00:00,64489.5,64512.0,64251.5,64271.5,7043703,109.45532368,BTCUSD
2024-06-22 09:00:00,64271.5,64315.0,64200.5,64305.5,4675799,72.75727403,BTCUSD
2024-06-22 10:00:00,64305.5,64363.0,64264.5,64292.0,1661342,25.83912434,BTCUSD
2024-06-22 11:00:00,64292.0,64297.5,64230.5,64254.0,1271506,19.78813378,BTCUSD
2024-06-22 12:00:00,64254.0,64328.5,64252.5,64289.5,2240027,34.8436789,BTCUSD
2024-06-22 13:00:00,64289.5,64296.0,64245.5,64268.0,2055370,31.98353524,BTCUSD
2024-06-22 14:00:00,64268.0,64387.5,64245.0,64276.0,1854112,28.83184399,BTCUSD
2024-06-22 15:00:00,64276.0,64289.5,64235.0,64288.5,1467827,22.84276395,BTCUSD
2024-06-22 16:00:00,64288.5,64344.5,64250.0,64305.0,1346283,20.93897008,BTCUSD
2024-06-22 17:00:00,64305.0,64324.0,64240.0,64240.0,1086434,16.90443194,BTCUSD
2024-06-22 18:00:00,64240.0,64312.0,64239.0,64253.0,1336009,20.79019453,BTCUSD
2024-06-22 19:00:00,64253.0,64290.0,64222.5,64284.0,943511,14.68352363,BTCUSD
2024-06-22 20:00:00,64284.0,64306.5,64239.0,64278.0,1292630,20.11066652,BTCUSD
2024-06-22 21:00:00,64278.0,64332.0,64249.5,64320.0,3225854,50.17804941,BTCUSD
2024-06-22 22:00:00,64320.0,64320.0,64274.5,64312.5,1371239,21.32577391,BTCUSD
2024-06-22 23:00:00,64312.5,64322.0,64255.5,64255.5,1082419,16.83860211,BTCUSD
2024-06-23 00:00:00,64255.5,64495.5,64255.5,64454.0,8289260,128.67860876,BTCUSD
2024-06-23 01:00:00,64454.0,64500.0,64318.0,64450.0,4323301,67.11729197,BTCUSD
2024-06-23 02:00:00,64450.0,64484.0,64359.0,64484.0,3091937,47.99710096,BTCUSD
2024-06-23 03:00:00,64484.0,64499.0,64416.0,64425.5,1985563,30.79635356,BTCUSD
2024-06-23 04:00:00,64425.5,64425.5,64352.5,64360.5,2210031,34.32328221,BTCUSD
2024-06-23 05:00:00,64360.5,64400.0,64326.0,64362.0,1096491,17.04012332,BTCUSD
2024-06-23 06:00:00,64362.0,64387.5,64361.5,64365.0,909078,14.12156591,BTCUSD
2024-06-23 07:00:00,64365.0,64407.5,64360.5,64390.0,1491449,23.16463929,BTCUSD
2024-06-23 08:00:00,64390.0,64410.0,64356.5,64361.5,919457,14.28273289,BTCUSD
2024-06-23 09:00:00,64361.5,64413.0,64361.0,64376.5,3980077,61.81310104,BTCUSD
2024-06-23 10:00:00,64376.5,64378.0,64277.0,64288.0,2899204,45.0655503,BTCUSD
2024-06-23 11:00:00,64288.0,64327.5,64236.0,64327.5,5464803,85.01450473,BTCUSD
2024-06-23 12:00:00,64327.5,64363.0,64301.0,64363.0,1781543,27.69079201,BTCUSD
2024-06-23 13:00:00,64363.0,64406.0,64236.0,64294.0,3768793,58.59552378,BTCUSD
2024-06-23 14:00:00,64294.0,64294.0,64137.5,64188.0,6320344,98.42628453,BTCUSD
2024-06-23 15:00:00,64188.0,64188.0,64034.0,64078.0,6755101,105.35409258,BTCUSD
2024-06-23 16:00:00,64078.0,64167.0,63884.0,63915.0,9029448,141.1066357,BTCUSD
2024-06-23 17:00:00,63915.0,64150.0,63912.5,64102.5,4376529,68.32595234,BTCUSD
2024-06-23 18:00:00,64102.5,64124.5,64058.5,64099.5,1391543,21.71456924,BTCUSD
2024-06-23 19:00:00,64099.5,64171.0,64082.5,64114.0,3109957,48.47904033,BTCUSD
2024-06-23 20:00:00,64114.0,64132.5,63575.0,63730.0,21096962,330.75760017,BTCUSD
2024-06-23 21:00:00,63730.0,63844.0,63501.0,63818.5,23492182,369.01626651,BTCUSD
2024-06-23 22:00:00,63818.5,63818.5,63609.5,63620.0,4886739,76.72971483,BTCUSD
2024-06-23 23:00:00,63620.0,63663.5,63102.0,63146.0,90499856,1428.22770802,BTCUSD
2024-06-24 00:00:00,63146.0,63243.0,62830.5,62996.5,46644759,740.02488366,BTCUSD
2024-06-24 01:00:00,62996.5,63277.0,62851.5,63243.5,14255180,226.19315628,BTCUSD
2024-06-24 02:00:00,63243.5,63297.5,62610.0,62812.5,31652540,503.57811662,BTCUSD
2024-06-24 03:00:00,62812.5,63021.0,62705.5,62802.5,26789059,426.32739059,BTCUSD
2024-06-24 04:00:00,62802.5,62893.5,62600.0,62798.5,22885497,364.93667601,BTCUSD
2024-06-24 05:00:00,62798.5,62836.0,62222.0,62250.0,62666555,1003.19355946,BTCUSD
2024-06-24 06:00:00,62250.0,62371.0,62088.5,62339.5,23268775,373.73509817,BTCUSD
2024-06-24 07:00:00,62339.5,62528.5,62121.5,62402.0,16165833,259.26783124,BTCUSD
2024-06-24 08:00:00,62402.0,62945.5,62293.0,62672.5,33593371,535.91646808,BTCUSD
2024-06-24 09:00:00,62672.5,62819.5,60500.0,61370.5,263192715,4293.9906588,BTCUSD
2024-06-24 10:00:00,61370.5,61552.0,61073.0,61141.0,42284830,689.70658436,BTCUSD
2024-06-24 11:00:00,61141.0,61343.0,60804.5,61260.5,35872961,587.80987693,BTCUSD
2024-06-24 12:00:00,61260.5,61470.0,61094.5,61188.0,16072050,262.22752174,BTCUSD
2024-06-24 13:00:00,61188.0,61595.0,60891.5,61523.5,58608755,955.70089492,BTCUSD
2024-06-24 14:00:00,61523.5,61669.5,61064.5,61267.0,35721105,581.96090685,BTCUSD
2024-06-24 15:00:00,61267.0,61337.5,60633.0,60809.0,52587443,862.92663074,BTCUSD
2024-06-24 16:00:00,60809.0,61017.0,59936.5,60160.5,130300167,2156.74967594,BTCUSD
2024-06-24 17:00:00,60160.5,60510.0,59809.5,60225.0,77253363,1284.75402344,BTCUSD
2024-06-24 18:00:00,60225.0,60470.0,59677.0,60391.0,40551061,674.85988227,BTCUSD
2024-06-24 19:00:00,60391.0,60452.0,59000.0,59295.5,127805867,2149.33468083,BTCUSD
2024-06-24 20:00:00,59295.5,59652.0,58166.0,59445.0,206217292,3496.73611156,BTCUSD
2024-06-24 21:00:00,59445.0,60050.0,59329.0,60046.0,70509265,1179.68547047,BTCUSD
2024-06-24 22:00:00,60046.0,60254.5,59924.0,59980.5,22601606,376.17503822,BTCUSD
2024-06-24 23:00:00,59980.5,60388.0,59936.5,60234.0,15245825,253.12299674,BTCUSD
2024-06-25 00:00:00,60234.0,60588.0,60186.5,60335.5,17301599,286.63997938,BTCUSD
2024-06-25 01:00:00,60335.5,60449.0,60215.5,60425.0,9603984,159.26632224,BTCUSD
2024-06-25 02:00:00,60425.0,60677.5,60354.5,60637.5,14665517,242.26996294,BTCUSD
2024-06-25 03:00:00,60637.5,61556.0,60574.5,61259.0,63848592,1043.10064697,BTCUSD
2024-06-25 04:00:00,61259.0,61380.5,61127.0,61331.5,21894647,357.34125036,BTCUSD
2024-06-25 05:00:00,61331.5,61378.5,60878.0,60973.5,18009997,294.71160033,BTCUSD
2024-06-25 06:00:00,60973.5,61145.0,60916.0,61093.0,10629367,174.13802731,BTCUSD
2024-06-25 07:00:00,61093.0,61216.0,60579.5,60629.0,22174378,364.54068496,BTCUSD
2024-06-25 08:00:00,60629.0,60862.5,60620.0,60812.5,13789212,226.99621267,BTCUSD
2024-06-25 09:00:00,60812.5,61562.0,60791.0,61438.5,31867377,521.1114378,BTCUSD
2024-06-25 10:00:00,61438.5,61438.5,61121.0,61282.5,20946523,341.94028586,BTCUSD
2024-06-25 11:00:00,61282.5,61444.0,61084.5,61158.0,13466688,219.85689054,BTCUSD
2024-06-25 12:00:00,61158.0,61227.5,60916.5,61013.5,16103790,263.6472552,BTCUSD
2024-06-25 13:00:00,61013.5,61406.0,60971.0,61158.0,16789283,274.4798442,BTCUSD
2024-06-25 14:00:00,61158.0,62128.5,61125.5,61722.5,47550612,769.86070479,BTCUSD
2024-06-25 15:00:00,61722.5,61938.5,61297.0,61762.0,35596902,577.39571229,BTCUSD
2024-06-25 16:00:00,61762.0,61907.5,61311.5,61345.0,26527682,430.8698719,BTCUSD
2024-06-25 17:00:00,61345.0,61738.0,61282.5,61356.5,15363587,249.71619007,BTCUSD
2024-06-25 18:00:00,61356.5,62225.0,61085.0,62129.5,45400516,735.96941551,BTCUSD
2024-06-25 19:00:00,62129.5,62377.0,61762.0,61941.0,32293749,520.81971369,BTCUSD
2024-06-25 20:00:00,61941.0,62039.5,61850.0,61886.5,11127550,179.61048245,BTCUSD
2024-06-25 21:00:00,61886.5,62000.0,61766.0,61878.0,8966794,144.96248819,BTCUSD
2024-06-25 22:00:00,61878.0,62129.0,61823.0,61871.0,6821904,109.9707418,BTCUSD
2024-06-25 23:00:00,61871.0,61904.5,61626.5,61771.5,16393835,265.56746258,BTCUSD
2024-06-26 00:00:00,61771.5,61800.0,61605.0,61722.5,6843949,110.87781868,BTCUSD
2024-06-26 01:00:00,61722.5,62158.5,61689.5,62042.0,16818821,271.53291806,BTCUSD
2024-06-26 02:00:00,62042.0,62450.0,61966.0,61994.0,18632487,299.46017117,BTCUSD
2024-06-26 03:00:00,61994.0,62041.5,61823.0,61888.5,7922441,127.91453988,BTCUSD
2024-06-26 04:00:00,61888.5,61955.0,61680.0,61680.5,9647190,156.24607026,BTCUSD
2024-06-26 05:00:00,61680.5,61763.5,61513.0,61528.0,15625407,253.59649199,BTCUSD
2024-06-26 06:00:00,61528.0,61657.0,61486.5,61549.5,16431959,266.96544242,BTCUSD
2024-06-26 07:00:00,61549.5,61766.0,61500.5,61688.5,7128422,115.63615485,BTCUSD
2024-06-26 08:00:00,61688.5,61713.5,61311.5,61444.0,14732536,239.76136969,BTCUSD
2024-06-26 09:00:00,61444.0,61489.5,61273.0,61331.0,11173978,182.01509504,BTCUSD
2024-06-26 10:00:00,61331.0,61376.5,61133.0,61242.5,30981986,505.93908565,BTCUSD
2024-06-26 11:00:00,61242.5,61545.0,61242.5,61432.0,13198757,214.98065141,BTCUSD
2024-06-26 12:00:00,61432.0,61566.0,61324.0,61413.5,10055024,163.64481134,BTCUSD
2024-06-26 13:00:00,61413.5,61819.5,61359.5,61735.0,35497077,576.1635982,BTCUSD
2024-06-26 14:00:00,61735.0,61974.0,61536.5,61708.0,64766071,1048.22131033,BTCUSD
2024-06-26 15:00:00,61708.0,61733.5,61150.0,61460.5,38307662,624.58237319,BTCUSD
2024-06-26 16:00:00,61460.5,61524.0,61148.5,61255.5,10390258,169.29411401,BTCUSD
2024-06-26 17:00:00,61255.5,61331.5,60803.0,61192.5,76745829,1258.499827,BTCUSD
2024-06-26 18:00:00,61192.5,61203.5,60864.5,60867.5,8311458,136.24206785,BTCUSD
2024-06-26 19:00:00,60867.5,61084.0,60653.0,60944.5,27623508,454.11495154,BTCUSD
2024-06-26 20:00:00,60944.5,61096.5,60676.5,60940.0,12360048,203.02398373,BTCUSD
2024-06-26 21:00:00,60940.0,61040.0,60885.5,61016.5,5795942,95.05453338,BTCUSD
2024-06-26 22:00:00,61016.5,61016.5,60735.0,60883.0,8119445,133.33725251,BTCUSD
2024-06-26 23:00:00,60883.0,60920.0,60732.5,60815.0,4067850,66.89837109,BTCUSD
2024-06-27 00:00:00,60815.0,60994.0,60720.5,60931.0,8883810,146.01737685,BTCUSD
2024-06-27 01:00:00,60931.0,61109.5,60839.0,61007.0,6130885,100.4807328,BTCUSD
2024-06-27 02:00:00,61007.0,61052.0,60806.0,60977.0,10399493,170.69848946,BTCUSD
2024-06-27 03:00:00,60977.0,61254.0,60900.0,60983.5,8069605,132.10737542,BTCUSD
2024-06-27 04:00:00,60983.5,61156.0,60979.5,61073.0,9201480,150.70240561,BTCUSD
2024-06-27 05:00:00,61073.0,61102.5,60751.5,60775.0,8350701,137.11694242,BTCUSD
2024-06-27 06:00:00,60775.0,60816.5,60562.0,60700.0,18944897,312.21672398,BTCUSD
2024-06-27 07:00:00,60700.0,60856.5,60672.0,60750.5,8303914,136.67384109,BTCUSD
2024-06-27 08:00:00,60750.5,60821.5,60685.0,60821.5,3404503,56.0378764,BTCUSD
2024-06-27 09:00:00,60821.5,61298.5,60776.5,61245.5,13699592,224.41788465,BTCUSD
2024-06-27 10:00:00,61245.5,61417.0,61069.5,61071.5,13747761,224.45633323,BTCUSD
2024-06-27 11:00:00,61071.5,61269.0,61053.5,61145.0,9189408,150.26998828,BTCUSD
2024-06-27 12:00:00,61145.0,61633.0,61108.5,61294.0,37247099,607.65633031,BTCUSD
2024-06-27 13:00:00,61294.0,61969.0,61262.0,61955.0,56993662,924.69230111,BTCUSD
2024-06-27 14:00:00,61955.0,62345.0,61642.5,61685.5,57502603,925.67504698,BTCUSD
2024-06-27 15:00:00,61685.5,61818.0,61481.5,61514.0,32434551,526.6220182,BTCUSD
2024-06-27 16:00:00,61514.0,61777.0,61463.5,61660.5,22410726,363.72834993,BTCUSD
2024-06-27 17:00:00,61660.5,61987.0,61644.0,61784.0,21718595,351.33534849,BTCUSD
2024-06-27 18:00:00,61784.0,61870.5,61686.0,61825.5,19403496,314.19470378,BTCUSD
2024-06-27 19:00:00,61825.5,61831.0,61357.5,61409.0,29312827,476.42568911,BTCUSD
2024-06-27 20:00:00,61409.0,61534.5,61281.0,61435.0,9329939,151.97288001,BTCUSD
2024-06-27 21:00:00,61435.0,61540.0,61415.5,61486.0,4426693,72.02010349,BTCUSD
2024-06-27 22:00:00,61486.0,61629.0,61464.0,61596.5,8366269,135.88468674,BTCUSD
2024-06-27 23:00:00,61596.5,61650.0,61553.0,61640.5,4415469,71.68297341,BTCUSD
2024-06-28 00:00:00,61640.5,61673.0,61445.0,61520.5,7887254,128.11342848,BTCUSD
2024-06-28 01:00:00,61520.5,62189.0,61462.0,62035.0,18240184,294.52654974,BTCUSD
2024-06-28 02:00:00,62035.0,62090.0,61533.0,61680.0,8589336,139.02540378,BTCUSD
2024-06-28 03:00:00,61680.0,61858.0,61600.0,61780.0,3803085,61.57689355,BTCUSD
2024-06-28 04:00:00,61780.0,61783.0,61465.0,61681.5,8567052,139.13647028,BTCUSD
2024-06-28 05:00:00,61681.5,61684.0,61423.0,61555.5,7366819,119.72986616,BTCUSD
2024-06-28 06:00:00,61555.5,61626.5,61462.5,61565.0,14069663,228.54011902,BTCUSD
2024-06-28 07:00:00,61565.0,61565.5,61167.5,61281.0,19861855,323.94357929,BTCUSD
2024-06-28 08:00:00,61281.0,61411.5,61138.0,61411.5,10784378,175.93557499,BTCUSD
2024-06-28 09:00:00,61411.5,61529.0,61303.5,61500.0,12690577,206.71969198,BTCUSD
2024-06-28 10:00:00,61500.0,61521.0,61380.5,61483.5,6614663,107.63723763,BTCUSD
2024-06-28 11:00:00,61483.5,61756.0,61408.0,61627.5,28931049,469.2744506,BTCUSD
2024-06-28 12:00:00,61627.5,61816.0,61239.5,61326.5,45217454,734.81225443,BTCUSD
2024-06-28 13:00:00,61326.5,61792.0,61178.5,61232.0,40738464,662.64875883,BTCUSD
2024-06-28 14:00:00,61232.0,61455.5,60708.0,60870.5,88099367,1444.52407939,BTCUSD
2024-06-28 15:00:00,60870.5,61119.5,60673.5,60983.0,24576432,403.49884078,BTCUSD
2024-06-28 16:00:00,60983.0,61037.0,60555.0,60856.5,35305342,581.15710327,BTCUSD
2024-06-28 17:00:00,60856.5,60989.0,60626.5,60751.0,16876338,277.46226132,BTCUSD
2024-06-28 18:00:00,60751.0,60810.0,60584.5,60765.5,8426636,138.79223492,BTCUSD
2024-06-28 19:00:00,60765.5,60780.0,59947.0,60002.0,156740015,2601.99231582,BTCUSD
2024-06-28 20:00:00,60002.0,60251.0,59916.5,60134.5,28270526,470.09378073,BTCUSD
2024-06-28 21:00:00,60134.5,60301.5,60030.5,60272.5,9295892,154.45857681,BTCUSD
2024-06-28 22:00:00,60272.5,60313.5,60178.5,60256.0,7116344,118.12468312,BTCUSD
2024-06-28 23:00:00,60256.0,60354.5,60241.0,60319.0,3521490,58.39638341,BTCUSD
2024-06-29 00:00:00,60319.0,60710.5,60295.5,60642.5,41046317,677.99495993,BTCUSD
2024-06-29 01:00:00,60642.5,60907.0,60633.0,60790.5,23977980,394.60235436,BTCUSD
2024-06-29 02:00:00,60790.5,60859.0,60591.0,60651.5,8748974,144.18260424,BTCUSD
2024-06-29 03:00:00,60651.5,60700.0,60609.5,60658.0,10213368,168.36241089,BTCUSD
2024-06-29 04:00:00,60658.0,60700.0,60604.5,60681.0,3244050,53.49319945,BTCUSD
2024-06-29 05:00:00,60681.0,60695.0,60630.0,60675.0,1753117,28.89498867,BTCUSD
2024-06-29 06:00:00,60675.0,60784.0,60651.5,60778.0,11071752,182.27263495,BTCUSD
2024-06-29 07:00:00,60778.0,61113.0,60748.5,60984.0,48427781,793.71868181,BTCUSD
2024-06-29 08:00:00,60984.0,61004.5,60850.5,60913.5,6497251,106.67344343,BTCUSD
2024-06-29 09:00:00,60913.5,60936.0,60819.0,60910.0,4731563,77.74463068,BTCUSD
2024-06-29 10:00:00,60910.0,60976.5,60851.0,60922.5,15319948,251.52883164,BTCUSD
2024-06-29 11:00:00,60922.5,61147.5,60850.5,61029.0,16609032,272.09735796,BTCUSD
2024-06-29 12:00:00,61029.0,61076.0,60930.0,60979.0,12085376,198.0139709,BTCUSD
2024-06-29 13:00:00,60979.0,61100.0,60940.0,61031.5,4609878,75.55265397,BTCUSD
2024-06-29 14:00:00,61031.5,61083.5,60873.0,60935.5,5057226,82.98678741,BTCUSD
2024-06-29 15:00:00,60935.5,61028.0,60872.0,61028.0,3465004,56.86994231,BTCUSD
2024-06-29 16:00:00,61028.0,61046.0,60829.0,60921.5,2537646,41.64793698,BTCUSD
2024-06-29 17:00:00,60921.5,60973.5,60856.0,60960.0,2395539,39.32185894,BTCUSD
2024-06-29 18:00:00,60960.0,61002.5,60915.0,60977.0,7949919,130.39858869,BTCUSD
2024-06-29 19:00:00,60977.0,61004.0,60857.5,60975.5,1517006,24.8895422,BTCUSD
2024-06-29 20:00:00,60975.5,61003.0,60885.5,60962.0,3218531,52.81206453,BTCUSD
2024-06-29 21:00:00,60962.0,61023.0,60873.0,60966.0,3946552,64.75919286,BTCUSD
2024-06-29 22:00:00,60966.0,60974.0,60757.0,60876.0,6233567,102.43732556,BTCUSD
2024-06-29 23:00:00,60876.0,60988.0,60869.5,60903.5,1587222,26.04702116,BTCUSD
2024-06-30 00:00:00,60903.5,60999.5,60848.0,60948.5,4046404,66.42495259,BTCUSD
2024-06-30 01:00:00,60948.5,60969.0,60854.0,60892.5,2786986,45.77119076,BTCUSD
2024-06-30 02:00:00,60892.5,60893.0,60690.0,60762.5,7302521,120.15109159,BTCUSD
2024-06-30 03:00:00,60762.5,60870.5,60717.5,60827.5,3179448,52.29947058,BTCUSD
2024-06-30 04:00:00,60827.5,60828.0,60706.5,60715.0,2753481,45.31918182,BTCUSD
2024-06-30 05:00:00,60715.0,60734.5,60638.0,60714.0,3821112,62.96226033,BTCUSD
2024-06-30 06:00:00,60714.0,60955.5,60700.0,60955.5,10150753,167.0294455,BTCUSD
2024-06-30 07:00:00,60955.5,61744.0,60955.5,61443.0,78142721,1271.90883788,BTCUSD
2024-06-30 08:00:00,61443.0,61515.0,61269.5,61444.5,17103144,278.66375002,BTCUSD
2024-06-30 09:00:00,61444.5,61624.5,61364.5,61444.5,42179672,686.09817548,BTCUSD
2024-06-30 10:00:00,61444.5,61553.0,61411.0,61448.0,6893656,112.08342675,BTCUSD
2024-06-30 11:00:00,61448.0,61580.0,61426.0,61467.5,2943902,47.86350523,BTCUSD
2024-06-30 12:00:00,61467.5,61561.0,61245.5,61404.5,5485764,89.34372994,BTCUSD
2024-06-30 13:00:00,61404.5,61650.0,61366.5,61616.5,7077622,115.03937985,BTCUSD
2024-06-30 14:00:00,61616.5,61767.0,61434.5,61510.0,18520601,300.83969403,BTCUSD
2024-06-30 15:00:00,61510.0,61702.5,61510.0,61644.5,11227089,182.15018245,BTCUSD
2024-06-30 16:00:00,61644.5,61668.5,61456.0,61511.0,24342205,395.70895433,BTCUSD
2024-06-30 17:00:00,61511.0,61788.0,61511.0,61620.5,25481113,412.98854344,BTCUSD
2024-06-30 18:00:00,61620.5,62026.0,61601.5,62001.0,20472821,330.75002803,BTCUSD
2024-06-30 19:00:00,62001.0,62055.5,61842.5,61981.0,20091902,324.27370206,BTCUSD
2024-06-30 20:00:00,61981.0,62349.0,61902.0,61911.0,54313550,874.43601783,BTCUSD
2024-06-30 21:00:00,61911.0,61930.0,61770.0,61875.0,18255388,295.08065778,BTCUSD
2024-06-30 22:00:00,61875.0,62899.0,61870.5,62833.5,48090438,768.15526831,BTCUSD
2024-06-30 23:00:00,62833.5,62974.5,62697.0,62706.5,12276386,195.33259306,BTCUSD
2024-07-01 00:00:00,62706.5,62880.0,62520.5,62871.0,13093370,208.8508592,BTCUSD
2024-07-01 01:00:00,62871.0,63655.5,62825.0,63563.0,64038076,1011.12512805,BTCUSD
2024-07-01 02:00:00,63563.0,63740.5,63231.0,63375.0,31882773,502.1544681,BTCUSD
2024-07-01 03:00:00,63375.0,63450.5,63275.5,63369.0,13166932,207.74491146,BTCUSD
2024-07-01 04:00:00,63369.0,63404.5,63163.5,63219.5,7501159,118.59140067,BTCUSD
2024-07-01 05:00:00,63219.5,63392.0,63197.0,63378.0,12530813,197.80620365,BTCUSD
2024-07-01 06:00:00,63378.0,63405.5,63199.0,63333.0,17813008,281.56640887,BTCUSD
2024-07-01 07:00:00,63333.0,63366.0,63175.5,63214.5,7769643,122.83246339,BTCUSD
2024-07-01 08:00:00,63214.5,63262.0,62772.0,62879.5,71675541,1138.11376658,BTCUSD
2024-07-01 09:00:00,62879.5,62967.0,62741.0,62890.0,39197283,623.55099862,BTCUSD
2024-07-01 10:00:00,62890.0,62941.0,62726.0,62804.0,5475249,87.14838567,BTCUSD
2024-07-01 11:00:00,62804.0,62811.5,62552.5,62616.0,14493547,231.23639992,BTCUSD
2024-07-01 12:00:00,62616.0,62842.0,62590.0,62832.5,12075515,192.48630347,BTCUSD
2024-07-01 13:00:00,62832.5,63033.5,62432.0,62634.0,23151676,369.39714243,BTCUSD
2024-07-01 14:00:00,62634.0,62876.5,62555.0,62760.5,14193744,226.26892296,BTCUSD
2024-07-01 15:00:00,62760.5,63115.5,62755.0,63077.5,12556129,199.51722973,BTCUSD
2024-07-01 16:00:00,63077.5,63282.0,62905.5,63040.5,20107347,318.57082499,BTCUSD
2024-07-01 17:00:00,63040.5,63622.5,63003.0,63617.5,20102617,317.00652543,BTCUSD
2024-07-01 18:00:00,63617.5,63807.5,63374.5,63594.5,61576035,968.70469808,BTCUSD
2024-07-01 19:00:00,63594.5,63594.5,63021.5,63192.0,27799702,439.37179037,BTCUSD
2024-07-01 20:00:00,63192.0,63377.0,63117.0,63248.0,7368276,116.45781325,BTCUSD
2024-07-01 21:00:00,63248.0,63248.0,62963.0,63079.0,5797266,91.8739921,BTCUSD
2024-07-01 22:00:00,63079.0,63111.0,62746.0,62921.5,32954035,524.3944915,BTCUSD
2024-07-01 23:00:00,62921.5,62968.0,62778.0,62849.0,5911326,94.02007742,BTCUSD
2024-07-02 00:00:00,62849.0,62929.0,62723.0,62878.0,6989856,111.22132709,BTCUSD
2024-07-02 01:00:00,62878.0,62914.5,62769.5,62868.0,2478602,39.44186451,BTCUSD
2024-07-02 02:00:00,62868.0,63055.0,62859.0,62938.0,3492605,55.49161273,BTCUSD
2024-07-02 03:00:00,62938.0,63238.5,62926.0,63061.5,9131547,144.70809918,BTCUSD
2024-07-02 04:00:00,63061.5,63177.0,62967.0,62967.0,3863844,61.27569826,BTCUSD
2024-07-02 05:00:00,62967.0,63020.0,62931.0,62956.5,2432131,38.62496898,BTCUSD
2024-07-02 06:00:00,62956.5,62972.0,62765.0,62800.0,20690955,329.30660282,BTCUSD
2024-07-02 07:00:00,62800.0,62813.5,62500.5,62570.5,13756470,219.70719185,BTCUSD
2024-07-02 08:00:00,62570.5,62668.0,62348.0,62585.0,18524420,296.25260871,BTCUSD
2024-07-02 09:00:00,62585.0,62707.0,62538.5,62593.5,5789113,92.45906782,BTCUSD
2024-07-02 10:00:00,62593.5,62733.0,62404.0,62640.0,15954115,254.96887131,BTCUSD
2024-07-02 11:00:00,62640.0,62798.5,62547.5,62764.0,11067979,176.53660032,BTCUSD
2024-07-02 12:00:00,62764.0,62980.0,62641.5,62804.0,19425040,309.39368321,BTCUSD
2024-07-02 13:00:00,62804.0,63096.0,62455.0,62562.0,17668058,281.42008872,BTCUSD
2024-07-02 14:00:00,62562.0,62661.0,61715.5,61954.0,94853323,1528.16584792,BTCUSD
2024-07-02 15:00:00,61954.0,62082.0,61762.0,61869.5,30832152,497.49164634,BTCUSD
2024-07-02 16:00:00,61869.5,61967.0,61733.0,61850.5,13587825,219.75591445,BTCUSD
2024-07-02 17:00:00,61850.5,62091.5,61813.5,62080.0,6881138,111.01506399,BTCUSD
2024-07-02 18:00:00,62080.0,62313.5,62078.0,62270.0,13615071,218.76865456,BTCUSD
2024-07-02 19:00:00,62270.0,62308.0,61804.0,61868.0,14536750,234.46610632,BTCUSD
2024-07-02 20:00:00,61868.0,62028.0,61811.0,61946.0,5397154,87.13276052,BTCUSD
2024-07-02 21:00:00,61946.0,62016.0,61839.0,61882.0,7414896,119.71062262,BTCUSD
2024-07-02 22:00:00,61882.0,62040.5,61881.5,62010.5,3491559,56.35231435,BTCUSD
2024-07-02 23:00:00,62010.5,62107.5,61989.0,62049.5,4707022,75.86179898,BTCUSD
2024-07-03 00:00:00,62049.5,62202.0,62023.0,62023.0,4183709,67.34102659,BTCUSD
2024-07-03 01:00:00,62023.0,62161.5,61160.0,61547.5,76482432,1242.80383708,BTCUSD
2024-07-03 02:00:00,61547.5,61547.5,61137.0,61283.5,50249473,819.18463071,BTCUSD
2024-07-03 03:00:00,61283.5,61286.0,60449.5,60877.0,147569416,2424.84697649,BTCUSD
2024-07-03 04:00:00,60877.0,60892.0,60701.0,60773.0,14857045,244.37720196,BTCUSD
2024-07-03 05:00:00,60773.0,61030.0,60740.0,61030.0,24800462,407.34005686,BTCUSD
2024-07-03 06:00:00,61030.0,61092.0,60902.5,60936.5,18380312,301.21046319,BTCUSD
2024-07-03 07:00:00,60936.5,60974.5,60761.5,60800.0,9545245,156.77179221,BTCUSD
2024-07-03 08:00:00,60800.0,60906.0,60238.0,60420.0,49033302,808.81006935,BTCUSD
2024-07-03 09:00:00,60420.0,60585.0,60240.5,60533.5,22168235,366.59209178,BTCUSD
2024-07-03 10:00:00,60533.5,60541.0,59454.5,60318.5,122106386,2034.51610598,BTCUSD
2024-07-03 11:00:00,60318.5,60418.5,60033.5,60339.0,23478482,389.7515989,BTCUSD
2024-07-03 12:00:00,60339.0,60339.0,59839.5,59944.0,24465005,407.411182,BTCUSD
2024-07-03 13:00:00,59944.0,60560.0,59661.0,60515.5,46883426,778.32668251,BTCUSD
2024-07-03 14:00:00,60515.5,60675.0,60165.0,60204.0,26392527,437.05633338,BTCUSD
2024-07-03 15:00:00,60204.0,60374.0,59853.5,60098.0,31922128,531.00702506,BTCUSD
2024-07-03 16:00:00,60098.0,60580.0,59988.5,60427.0,30209606,500.42128567,BTCUSD
2024-07-03 17:00:00,60427.0,60464.0,60104.0,60296.0,14145913,234.63117831,BTCUSD
2024-07-03 18:00:00,60296.0,60385.0,60160.5,60179.5,9775104,162.16067429,BTCUSD
2024-07-03 19:00:00,60179.5,60202.0,59578.5,59602.5,44631386,744.1583542,BTCUSD
2024-07-03 20:00:00,59602.5,59810.5,59501.0,59542.0,32574876,546.19936933,BTCUSD
2024-07-03 21:00:00,59542.0,60282.5,59318.5,60189.5,37030182,620.1934976,BTCUSD
2024-07-03 22:00:00,60189.5,60305.0,60074.0,60259.0,4255266,70.68964874,BTCUSD
2024-07-03 23:00:00,60259.0,60305.0,60128.0,60128.0,18222527,302.58493966,BTCUSD
2024-07-04 00:00:00,60128.0,60409.0,60128.0,60364.5,10407209,172.51432653,BTCUSD
2024-07-04 01:00:00,60364.5,60428.0,58320.0,58508.5,146443219,2476.78243672,BTCUSD
2024-07-04 02:00:00,58508.5,59036.0,57696.5,58891.5,132997187,2277.54374946,BTCUSD
2024-07-04 03:00:00,58891.5,59096.0,58757.0,59040.0,16830509,285.61411762,BTCUSD
2024-07-04 04:00:00,59040.0,59082.0,58642.0,58900.0,17177453,291.89814203,BTCUSD
2024-07-04 05:00:00,58900.0,58979.0,58785.5,58825.0,9708454,164.88590635,BTCUSD
2024-07-04 06:00:00,58825.0,59054.0,58463.0,58751.5,40929874,696.15141799,BTCUSD
2024-07-04 07:00:00,58751.5,58823.5,58050.0,58178.0,55292139,945.13163747,BTCUSD
2024-07-04 08:00:00,58178.0,58458.0,57058.0,57621.5,167517461,2907.76618658,BTCUSD
2024-07-04 09:00:00,57621.5,57799.0,56877.5,57676.5,86239418,1504.74098351,BTCUSD
2024-07-04 10:00:00,57676.5,57883.5,57351.0,57874.0,29307078,509.31781009,BTCUSD
2024-07-04 11:00:00,57874.0,58039.5,57608.0,57707.5,19598861,339.31701939,BTCUSD
2024-07-04 12:00:00,57707.5,57708.0,57094.0,57189.0,31317706,545.63905463,BTCUSD
2024-07-04 13:00:00,57189.0,57437.5,56667.5,57356.5,66808602,1172.23812354,BTCUSD
2024-07-04 14:00:00,57356.5,57477.0,56786.0,57386.5,49114913,859.58297488,BTCUSD
2024-07-04 15:00:00,57386.5,58311.0,57288.0,58063.0,94717681,1634.81508169,BTCUSD
2024-07-04 16:00:00,58063.0,58327.0,57683.0,58230.5,25601584,441.49074179,BTCUSD
2024-07-04 17:00:00,58230.5,58315.0,58015.0,58185.0,14152387,243.42774818,BTCUSD
2024-07-04 18:00:00,58185.0,58304.5,57873.0,58110.0,12163623,209.35361023,BTCUSD
2024-07-04 19:00:00,58110.0,58611.0,58080.0,58226.0,25297237,433.34255616,BTCUSD
2024-07-04 20:00:00,58226.0,58304.5,58077.0,58304.5,7030631,120.87706685,BTCUSD
2024-07-04 21:00:00,58304.5,58608.0,58240.5,58444.0,12804679,219.10868316,BTCUSD
2024-07-04 22:00:00,58444.0,58788.5,57938.0,57983.0,24274274,415.66305797,BTCUSD
2024-07-04 23:00:00,57983.0,58054.0,56801.0,57011.5,61943321,1080.67189273,BTCUSD
2024-07-05 00:00:00,57011.5,57511.5,56591.5,57323.0,53392371,936.91988026,BTCUSD
2024-07-05 01:00:00,57323.0,57391.5,56753.5,57137.0,20923394,366.77380875,BTCUSD
2024-07-05 02:00:00,57137.0,57200.0,55280.5,55672.0,120699754,2151.21911164,BTCUSD
2024-07-05 03:00:00,55672.0,55907.5,54876.5,55166.0,135479450,2448.627156,BTCUSD
2024-07-05 04:00:00,55166.0,55310.0,53216.0,53879.0,187710832,3464.8517085,BTCUSD
2024-07-05 05:00:00,53879.0,54794.0,53739.5,54790.5,89328796,1643.45644849,BTCUSD
2024-07-05 06:00:00,54790.5,54790.5,53869.5,54276.0,83874695,1546.64075482,BTCUSD
2024-07-05 07:00:00,54276.0,54438.5,53954.0,54386.0,27618341,509.5392687,BTCUSD
2024-07-05 08:00:00,54386.0,54420.0,54022.5,54042.0,23365807,430.7948973,BTCUSD
2024-07-05 09:00:00,54042.0,54693.0,53863.5,54491.0,39043382,720.36406066,BTCUSD
2024-07-05 10:00:00,54491.0,55358.0,54375.5,54950.0,100090287,1821.13064708,BTCUSD
2024-07-05 11:00:00,54950.0,55624.0,54948.0,55466.0,57804393,1044.95340698,BTCUSD
2024-07-05 12:00:00,55466.0,55968.0,54981.5,55022.0,69035726,1246.83552825,BTCUSD
2024-07-05 13:00:00,55022.0,55859.0,54805.5,55811.5,38252077,689.81924076,BTCUSD
2024-07-05 14:00:00,55811.5,55873.0,55333.0,55708.5,50578139,909.40091226,BTCUSD
2024-07-05 15:00:00,55708.5,56654.0,55627.5,56648.0,49527143,879.84647803,BTCUSD
